sbd,ten,toan,ngu_van,ngoai_ngu,vat_li,hoa_hoc,sinh_hoc,lich_su,dia_li,gdcd
1000001,Oliver,3.6,5,4,,,,2.75,6,8.75
1000002,Olivia,8.4,6.75,7.6,,,,8.5,7.5,8.25
1000003,Jackson,5.8,7.5,5,,,,7.25,5.5,8.75
1000004,Samuel,7.4,7.5,8.6,,,,7.5,6.5,7.5
1000005,Emma,7.2,8.5,9,,,,8,8.5,8.25
1000006,Samuel,6.8,8.5,9.4,,,,7,7.5,9.25
1000007,Charlotte,7.2,6,5,,,,8,7.5,9
1000008,Emily,8,8,8,,,,5.25,7,7
1000009,Aiden,2.6,5.25,,,,,5.25,6.75,
1000010,Grace,8.8,8,7,,,,6.5,6.5,6.75
1000011,James,6.4,7.25,7.6,3.5,8,3,,,
1000012,Ava,6.4,7.5,,,,,4.75,5,8
1000013,Mia,8.2,7.75,6.4,,,,7,7.5,7.75
1000014,James,5.8,5.5,6.4,,,,8.5,8,
1000015,Isabella,8.6,7.25,9.6,8.25,3.25,4.25,,,
1000016,Daniel,7.8,5.75,8.4,4.25,8,4.75,,,
1000017,Emily,8.6,6.25,7,7,3.5,3.75,,,
1000018,Charlotte,6.2,8.25,6.6,,,,6.75,6.5,8.25
1000019,Amelia,6.8,7.5,,,,,7.25,6.25,8
1000020,Liam,,6.75,,,,,8.5,8,
1000021,Ava,8,9,,,,,7,6.25,8.75
1000022,Sophia,7.8,8,7.6,,,,7.75,6.5,9.25
1000023,Sofia,6.8,6,6.8,2.5,5.5,3,,,
1000024,Ava,8.6,6.5,9.8,7.75,8.5,6.75,,,
1000025,James,7.2,5.5,5.8,3,6.5,3.75,,,
1000026,Emma,7,6,9.8,6.5,2.25,3,,,
1000027,Samuel,7.6,5.75,4.8,7.25,6.5,6.25,,,
1000028,Charlotte,8.6,7,8,4.75,8.75,4.5,,,
1000029,James,8.4,6.5,9.8,,,,5.25,9,6.25
1000030,Mia,8.6,7.5,7.6,6.25,7.75,3.75,,,
1000031,Aiden,7,7.75,8.8,,,,6.25,5,9
1000032,Lucas,4,7,2.2,,,,4.5,5,5.5
1000033,Amelia,6.6,6.5,5.6,,,,6.5,5.75,7
1000034,Emily,8.2,7,8.4,,,,7,6.25,8
1000035,Oliver,7.4,6.25,7.4,,,,4,6,8
1000036,Lucas,7.6,7,8.6,,,,5.75,6,8
1000037,Sofia,7.6,6.5,7.2,6,4.75,4.5,,,
1000038,Liam,6,6,5.6,,,,8,6.25,7.25
1000039,Noah,7.8,8.75,6.6,,,,6.25,8.5,8.25
1000040,Benjamin,8,8.25,8.8,,,,8,5.5,7.75
1000041,Aiden,7.4,8,7.2,,,,6,6,7.5
1000042,Charlotte,5.8,6.5,7.2,,,,7.25,4.75,7.25
1000043,Jackson,7.2,7.25,4.8,4.5,8,3,,,
1000044,Sofia,2.6,3,,,,,2,4.5,
1000045,Jackson,6,7,3.4,,,,6.5,5.5,7.5
1000046,Grace,8,6.25,4.6,7.25,5.5,4.75,,,
1000047,Olivia,7.2,7.75,7.6,,,,7.25,7,7.5
1000048,Scarlett,8,8.5,9.4,,,,8,6.25,9
1000049,Sophia,7.8,7,7.4,3.75,7.75,5.75,,,
1000050,Mia,7.4,7.25,,,,,4.75,6,7.25
1000051,Grace,7.8,5,6.4,7,4,3.25,,,
1000052,Harper,6.8,8.75,9,,,,7.25,6.75,8.5
1000053,Jackson,6.2,6.25,5.2,,,,6.5,6.75,8.5
1000054,Abigail,8.4,8,9,,,,8.5,8.25,9.25
1000055,Isabella,7,7,9.4,,,,5.75,8,7.5
1000056,Benjamin,2,2.25,3.2,,,,3.5,2.75,3.5
1000057,Sofia,7.8,8.25,8,,,,8.25,8.25,8
1000058,Ethan,2.2,5.25,3.4,,,,5,3.25,6.25
1000059,Emma,8.2,6.25,9.6,4.5,7.75,3.5,,,
1000060,Chloe,8.2,7.5,7.2,,,,,,
1000061,Abigail,5.6,6.5,9,,,,9.25,7.25,8.5
1000062,Liam,4.6,6,,,,,6.25,6.25,
1000063,Noah,7.4,6.75,9.2,,,,8,6.5,9
1000064,Samuel,6.8,8.5,7.6,,,,8,8,8.25
1000065,Elijah,8.6,8.5,8.6,,,,8.25,7.5,9.25
1000066,Abigail,7.8,6.25,8.8,7,3.5,4.5,,,
1000067,Charlotte,3,6.5,4.6,,,,5,5.75,
1000068,Samuel,8.6,8,8,,,,8.75,8.75,9
1000069,Sophia,8.6,8,7.4,7,4.75,4.5,,,
1000070,Harper,6.4,6.5,7.6,,,,,,
1000071,Henry,7.6,8.25,6.6,6.25,5,3.25,,,
1000072,Emily,5.2,4.75,2.6,,,,5,5.5,5.25
1000073,Jackson,8.4,7.75,9.8,6.75,6.75,4.25,,,
1000074,Daniel,7.6,6.5,,7.5,2.5,1.75,,,
1000075,Noah,5.4,7,5.2,,,,8.75,8,9.25
1000077,Liam,8.4,8.25,9.4,,,,8.5,7,8.25
1000079,Jackson,5.6,6.25,6,,,,7.25,6.25,7.75
1000080,Oliver,8.8,6,9.4,7.5,4.75,4,,,
1000081,Olivia,6.6,7.5,4,,,,5,5,7.25
1000082,Scarlett,9,9.5,8,,,,7.25,6.75,8.25
1000083,Aiden,6.8,8.75,5,,,,4.5,5.75,6.25
1000084,Oliver,7.8,9,8.8,,,,8.5,8.75,8.25
1000085,Evelyn,7.6,5.5,8.2,,,,5.75,6.25,7.75
1000086,Oliver,6.8,7,,,,,6.5,7,7.5
1000087,Ava,8.4,8,9.4,,,,6.75,6.5,8.25
1000088,Henry,8.2,8.75,8,,,,7.25,6.5,8
1000089,Daniel,7.8,7.25,6,7.5,4,3,,,
1000090,Aiden,7,8,6.6,,,,6,6.5,7.75
1000091,Jackson,7.8,7.25,7.8,,,,7.5,6.5,9.5
1000092,Abigail,6.8,8.5,8,,,,6.5,8,8.5
1000093,Emma,8.8,7.75,,5.75,6.75,6,,,
1000095,Harper,8,6,9,,,,6.5,8.75,9.25
1000096,James,7.6,8.25,7.8,,,,6.75,7.75,9
1000097,Daniel,8.2,8.5,9.6,,,,7.75,7,8.5
1000098,Chloe,7.4,8.5,8,,,,8.5,7.25,8.25
1000099,Amelia,7.6,8,9.2,,,,5,8.5,8
1000100,William,3.8,5.5,5.6,,,,5.5,4.25,7.75
1000101,Chloe,8.2,6.5,7.6,5.25,7.25,3.25,,,
1000102,Samuel,8.8,7.25,9,4.75,8,8,,,
1000103,Charlotte,8.4,8.5,7,8.5,8.75,6.5,,,
1000104,Evelyn,7.2,8.5,9,,,,7,6.25,8
1000105,James,7,8.5,7,,,,7.75,6.75,8
1000106,Olivia,8.4,5,8.6,5.75,2.25,3.75,,,
1000107,Amelia,7.4,7.5,7.4,5.25,8,3.75,,,
1000108,Noah,8.6,9,9,,,,7,6.5,8.75
1000109,Emily,8.2,,8,6.75,,,,,
1000110,Evelyn,8.6,7.5,8,,,,9.5,6.5,
1000111,Ethan,8.6,9,8.8,,,,6.75,5,7.75
1000112,James,7.2,6.5,9.6,,,,7.75,6.5,8.25
1000113,Henry,9.2,8.75,9.4,,,,8,8,9.25
1000114,Emma,6.4,6.75,,,,,6,6.5,
1000115,Aiden,8.2,7,7.6,4.5,8,5.25,,,
1000116,Lucas,8.2,8,9,,,,9,7.25,9.25
1000117,Oliver,8,8,7.8,,,,7.75,5.25,7.75
1000118,Olivia,7,7.5,8.6,,,,6.25,6.5,8
1000119,Ethan,5,5.25,,,,,7.5,6.5,8
1000120,Lucas,7.2,7.75,8.4,,,,9.25,8.5,8.25
1000121,Samuel,8.2,8.25,8.8,,,,9.25,7.75,9
1000122,Emily,8.6,5.5,8.4,8.75,4.25,4.75,,,
1000123,Charlotte,7,8,4.2,5.5,6,7.25,,,
1000124,Sofia,7.2,6.75,7.4,,,,7,6.75,8
1000125,Mia,4.8,6.25,4.8,,,,5.25,7,6.25
1000126,Elijah,8.4,7.5,6.4,6.75,3.5,3.75,,,
1000127,Harper,4.6,7.25,4,,,,7.75,7,8.75
1000128,Sofia,,7.75,,,,,8.75,6.5,
1000129,Daniel,8.8,7.5,,6.75,8,4.75,,,
1000130,Ethan,9.4,4.5,7.2,8.75,4.75,4,,,
1000131,Abigail,8.2,6.25,6.2,6,7,3,,,
1000132,Ava,8.6,6,8.4,8,4.5,5,,,
1000133,Lucas,7.4,8.75,8.6,,,,6,7.25,7.75
1000134,Abigail,7,8.5,8.2,,,,7,7.25,8.5
1000135,Amelia,8.6,6.25,8.4,4,8.25,4.25,,,
1000136,Grace,7.6,8,9,,,,7.75,7.25,8.25
1000137,Emma,8.2,7,8,7.75,2.75,4.5,,,
1000138,Amelia,7.8,8.75,9,,,,5.75,7,8
1000139,Jackson,7.6,9.25,8.6,,,,8.25,8,9
1000140,Oliver,5.8,7.5,6.6,,,,7.25,6.5,8.75
1000141,Grace,7,8,7.6,,,,7.5,7,7.5
1000142,Lucas,6.6,8.25,8,,,,5.25,7.25,7.25
1000143,Harper,7.6,8.5,7.6,,,,7.75,7.25,8
1000144,Emily,4,6.75,,,,,2.5,6,
1000145,Liam,7.2,7.5,,,,,7,8.25,8.5
1000146,Sophia,7.6,8.25,7.6,,,,7,8,8
1000147,Liam,6.4,6.75,4,7.25,7.5,4.75,,,
1000148,Lucas,6.8,8.25,9.2,,,,7,7.5,7.5
1000149,Emily,5,8.25,8,,,,,,
1000150,Abigail,5.8,6.25,,,,,4,6.5,
1000151,Jackson,8.6,6,8.2,7.25,5.75,5.25,,,
1000152,Noah,9.2,7.75,8.6,,,,5.25,8.5,8.25
1000153,Chloe,7.2,8.75,6,,,,9,7.75,9.25
1000154,Sophia,7.6,8,5.8,,,,8.5,8,8.5
1000155,Benjamin,5,8.75,8.4,,,,7.75,8.25,8
1000156,Evelyn,8,8.5,8.2,,,,8,6.25,9.25
1000157,Harper,7.6,5,5.2,4.5,7.25,4.75,,,
1000158,Grace,6,6.5,7.4,,,,5.25,5.5,6.75
1000159,Chloe,3.2,7,4,,,,4.25,5.5,7.25
1000160,Noah,7.4,8,8.8,,,,5.5,5.75,8
1000161,Oliver,8.6,8.75,8.6,,,,9,7.5,8.75
1000162,Harper,2.6,6.25,4.6,,,,3.75,4,7.25
1000163,William,8,7,6.8,,,,5,6.5,7.25
1000164,Olivia,6,7.75,6.4,,,,9.75,8,8.25
1000165,Abigail,7.8,8.5,9,,,,6,6.75,8
1000166,Daniel,6.8,7.25,,,,,6.25,6.25,
1000167,Jackson,7.2,7,6.4,,,,3.5,6.75,7.25
1000168,Emily,7.8,8.5,9.6,,,,8.5,7.75,8.75
1000169,Emily,6.6,7.25,8.6,,,,8.75,7.75,8.5
1000170,Daniel,7.4,7,8,,,,,,
1000171,Isabella,7.6,7.5,8.2,,,,8.25,6.5,8.25
1000172,Ava,7.2,8.5,7.8,,,,8,7,8.25
1000173,Charlotte,8.2,7.25,8.8,6.5,7,5.25,,,
1000174,Jackson,5.2,7.5,5,,,,7.75,8,8.75
1000175,Lucas,6.2,8.5,8.6,,,,7.75,7.75,8
1000176,Olivia,8.6,7.25,9.2,9.5,8.25,4.25,,,
1000177,Emily,8.2,8.25,9.6,,,,8.5,8,8.5
1000178,Noah,7,7,8,,,,8,7,8.5
1000179,Benjamin,7.4,6.5,8.6,,,,8.75,7,8.75
1000180,Amelia,4.6,6,3.2,,,,7.25,6.75,9.25
1000181,Charlotte,5,7.25,2.8,,,,6,7,8
1000182,Emily,4,5,,,,,6,7.75,
1000183,Henry,8,5.75,7.6,4.75,8,3.25,,,
1000184,Ethan,7,6.25,6.6,,,,7.25,6,8.25
1000185,Ethan,9.6,7.75,9.2,9.5,8,5.25,,,
1000186,Elijah,9,6.25,9.4,7.75,2.5,4.75,,,
1000187,Sofia,7.4,7.75,7.6,,,,7,7.5,7.75
1000188,James,8,7.75,6,,,,6.5,8.5,7.75
1000189,Elijah,8.6,8,7,,,,5.5,4,8.25
1000190,Evelyn,5.4,5.17,,,,,7.5,5.5,7.5
1000191,Isabella,8.2,8,8,4.25,8.25,8,,,
1000192,Mia,8.2,7.75,9.6,,,,8,8.75,8.5
1000193,Lucas,8,8.5,7.4,,,,7,5.5,8.25
1000194,Ava,8.8,7.75,7.8,5,7.75,8.75,,,
1000195,James,8.4,8.5,7,,,,9.25,8.5,9
1000196,Samuel,7.6,9,7.4,,,,6.5,6.5,8
1000197,Henry,7.6,8,9,,,,8.75,7.75,8.75
1000198,Samuel,5.4,6.5,8.4,,,,8.5,7,9
1000199,Benjamin,8.6,7.5,9,7.5,8.25,4.75,,,
1000200,Abigail,7.6,6.25,8.4,7.5,6.25,4.25,,,
1000201,Elijah,6.6,6.5,6,,,,7.5,6.75,8
1000202,Amelia,8.4,8.5,8.4,,,,8.25,8.5,9.25
1000203,Sofia,6.6,7.25,4.8,,,,5,6,6.75
1000204,Harper,7.4,7.5,8,,,,7,7.25,9.5
1000205,Sophia,8.2,9,8.8,,,,,,
1000206,Aiden,4.4,5,,,,,6.25,7.25,
1000207,Henry,7.8,8.5,7.4,,,,5.25,7,8
1000208,Isabella,8.2,9,7.6,,,,7.25,9,9
1000209,Ava,7.2,8.25,7.8,,,,6.5,6.75,7.75
1000210,Harper,8,5.75,8,8.75,3.25,3.25,,,
1000211,Aiden,8.4,6.25,8.2,3.25,8,8.75,,,
1000212,Noah,7.6,6.75,3.6,,,,3.5,7.25,8.5
1000213,Lucas,7.2,8.75,9.2,,,,8,7.5,9
1000214,Ava,7.2,7.5,6.8,,,,6.75,7.5,7.75
1000215,Emily,7,7.5,7.8,,,,5.25,7.25,8
1000216,William,8.4,8.75,9,,,,5.25,5.5,7.5
1000217,Mia,9.4,8.5,8.6,,,,7.25,6.25,8.75
1000218,James,8.4,6,9.4,,,,6.5,8.75,8.5
1000219,Charlotte,7.6,8.25,7.4,,,,7,6.5,8.25
1000220,Chloe,8,8,9,,,,7,6.75,7.75
1000221,Olivia,7.8,6.5,9,8.75,7.75,6,,,
1000222,Abigail,7,7,6.8,,,,7,6,7.5
1000223,Benjamin,6.6,8,3.2,,,,8.25,8,9
1000224,Harper,8.8,8.5,9,,,,7.25,5.5,6.75
1000225,Daniel,7.8,8,9.2,,,,6.5,6.5,8.25
1000226,Noah,7.4,9.25,9,,,,8.25,7.75,9.5
1000227,Ava,2.8,7.75,2.8,,,,7,6,8.5
1000228,Benjamin,7.6,7.75,9,,,,8.75,6.5,9
1000229,Jackson,7.2,6,8.2,8,5.75,3.25,,,
1000230,Emily,8,7.25,8.2,,,,9,7,8.75
1000231,Henry,2.6,5,,,,,5,3,
1000232,Sofia,8,6.75,5,6.75,8,4.5,,,
1000233,William,3.4,6,,,,,6.25,5,
1000234,Liam,9.2,6.25,8.2,9.25,6.25,4.5,,,
1000235,Liam,8,7.5,8.6,,,,6.75,6.5,8.5
1000236,Mia,7.2,8.25,6,,,,4.5,6.5,7.25
1000237,Chloe,7.6,6.5,8,,,,7.25,7,8.5
1000238,Henry,7.4,9,6.6,,,,8.25,7.5,9
1000239,Grace,7.8,7.25,9.6,,,,8,7.25,9
1000240,Grace,8.4,7,7.4,,,,4.5,7.5,7.5
1000241,Ava,8,9,7.8,,,,8,6.75,7.75
1000242,Amelia,7.8,7,8.4,,,,8.5,8,8.5
1000243,Isabella,8.4,8.75,9,,,,9,8,9
1000244,Ethan,8.4,7,8.4,9,4.75,4.25,,,
1000245,Henry,8.6,8.25,7.6,,,,6.25,5.75,8.25
1000246,Henry,7.2,8.5,6.8,,,,7.75,8.5,9
1000247,Emma,7.8,6,8.6,6.5,5.25,4,,,
1000248,Benjamin,6.8,8,8.2,,,,7.75,7.25,8.5
1000249,Mia,9,8.75,9.6,,,,7,9.25,9
1000250,Scarlett,8.8,6,9.2,8.75,6.5,3.5,,,
1000251,Ava,8.8,7.25,9.4,8.75,9.75,5.25,,,
1000252,Harper,5,6.25,3.2,,,,5.25,5.75,8
1000253,Samuel,8.4,8.5,8.2,,,,8.75,8,9.25
1000254,James,8.4,5.5,9,8,7.5,4.5,,,
1000255,Isabella,7.4,9,8.2,,,,7.25,8,8.5
1000256,Henry,8.2,7.75,8,3,8.25,5,,,
1000257,Abigail,7.4,8,8.6,,,,6.75,5.75,8.25
1000258,Emma,6.8,,5.2,4.5,4.5,,,,
1000259,Aiden,5.8,7.75,5.2,,,,7,6.5,6.5
1000260,Henry,8.2,6.75,8.4,6.5,5.5,5.25,,,
1000261,Abigail,8,7.5,7.8,,,,7.75,7.25,8
1000262,Sofia,4.8,6,4.6,,,,8,7.5,9
1000263,Jackson,7.6,6,6.2,5,6,4.25,,,
1000264,Emma,6.6,6.75,,,,,7.5,6.75,8.25
1000265,Oliver,7.6,6.75,7.4,,,,6.5,6.75,7.25
1000266,Henry,9,8,9.6,,,,7,7.25,7.75
1000267,Harper,2.4,7.25,3.4,,,,4.5,5.5,6.75
1000268,Mia,7,8.5,7,,,,7.5,7,8
1000269,James,1.6,4.75,,,,,6.5,6,
1000270,Grace,6.6,7.5,8.4,,,,7.25,6.25,8
1000271,Isabella,7.6,7.75,8.2,,,,6.75,6,8
1000272,Sophia,2.6,7.25,6,,,,9.25,9.25,7.5
1000273,Mia,7.6,6.25,9.2,7.25,5,4.5,,,
1000274,James,9,8,7.8,,,,8.25,7,8
1000275,Sophia,,6.5,,,,,5.75,6.5,
1000276,Liam,6.8,8,7.4,,,,8.25,7,9.75
1000277,Lucas,,4.75,,,,,5.75,6.25,
1000278,Daniel,8.6,7.25,8.2,8.25,6,5.75,,,
1000279,Harper,8.4,6.25,6.4,6.25,6.25,5.75,,,
1000280,Scarlett,7.4,6.75,3.4,,,,6.25,6.5,8
1000281,Mia,9,7.75,7.8,,,,6,6.75,8.75
1000282,William,7.6,7,5.4,,,,5,6.25,5.75
1000283,Charlotte,7.8,6.67,4,,,,4.75,6.75,7
1000284,Olivia,7,8.25,7.6,,,,6,7.5,8.25
1000285,Emily,9.2,6.5,9,9.25,7.75,6.25,,,
1000286,Emma,4.2,4,,,,,6.25,7.25,
1000287,Emily,7,8,9,,,,6,6.25,8.25
1000288,Harper,8.4,8.5,8.8,,,,7.75,7.5,8.5
1000289,Sofia,7.6,8.5,8.4,,,,4.25,6.5,7.75
1000290,Aiden,9,7.75,9.4,8.5,4.5,4.75,,,
1000291,Scarlett,7.2,7.75,7.2,,,,5.75,7,8
1000292,Sophia,6.8,6.5,7.4,4.5,3.75,3.75,,,
1000293,Olivia,8.8,5,9.2,7.5,2.5,4.5,,,
1000294,Scarlett,8.2,3.75,9.2,8.25,6.5,5,,,
1000295,Daniel,3.8,4.25,,,,,5.75,6.25,
1000296,Emily,8.8,6,9.2,4,8.25,4.25,,,
1000297,Ava,7.6,6,6.6,6,5,2.75,,,
1000298,Daniel,8.8,6.5,6.6,5.5,4.25,5,,,
1000299,Charlotte,6.4,6.75,7.6,,,,7.5,7.75,7.25
1000300,James,5,6,4.8,,,,6,5.25,7.25
1000301,Grace,7.8,5.25,7.8,7.75,3.75,4.25,,,
1000302,Oliver,6.6,5.75,8.6,,,,7.5,6,9
1000303,Isabella,6.4,7.75,7.8,,,,8.75,8.5,8
1000304,Daniel,7.4,7.25,7,,,,8.5,8.75,8
1000305,William,8.6,5.75,6,7,3.25,3.25,,,
1000306,Isabella,7.4,3,5.4,4,8,3,,,
1000308,Grace,3.8,5.5,3.6,,,,5,5.75,7.75
1000309,Oliver,6,5.25,5.2,,,,7.5,5.25,8
1000310,Amelia,6,6.5,,,,,5.25,6.5,6
1000311,Abigail,7.4,7.75,6.4,,,,5.5,7,8.25
1000312,Samuel,7.6,7.25,7.2,6.5,6,4.75,,,
1000313,Liam,8.8,7,6.4,7.75,6,4,,,
1000314,Grace,8.8,3.75,8.8,7.75,4.5,3.25,,,
1000315,Charlotte,8.8,7,8.6,8.5,6,5.25,,,
1000316,Amelia,8,8.5,8.6,,,,7.5,7.25,8.25
1000317,Mia,6,6.5,7.4,,,,6.5,6.5,7.75
1000318,James,6.8,6.25,,,,,8.5,7.5,
1000319,Grace,6,8.5,6.4,,,,7,4.75,8.25
1000320,Isabella,9.2,8,7.2,,,,7,7.75,7.25
1000321,Isabella,8,8.25,9.2,,,,,,
1000322,Mia,5.8,8,7.2,,,,7,7.5,7.5
1000323,Jackson,2.8,8.25,7.8,,,,8,6.5,7.25
1000324,Sophia,8.6,9.25,8.6,,,,8.75,8,9
1000325,Abigail,,5,,,,,5.25,6.25,
1000326,Grace,8.6,7.75,8.6,,,,7.75,7.75,8.75
1000327,William,8.6,6.25,,,,,6.25,7.25,9.25
1000328,Harper,6.8,7.5,8.6,,,,8.75,6.5,7.75
1000329,Aiden,8.4,5.75,8.8,5.75,4,4.5,,,
1000330,Olivia,3.6,5.25,2.8,,,,4,4.5,7.25
1000331,Ethan,8.8,8.5,7.6,,,,8,8,9
1000332,Ava,7.4,7.5,8.2,,,,4.5,6.75,7.75
1000333,Aiden,7.2,7.5,6,,,,6,7.5,7.25
1000334,Noah,8.2,8.25,8.8,,,,8.25,8.25,9.25
1000335,Samuel,5.4,5.75,7.8,,,,8.25,5.25,9
1000336,Elijah,7.4,8.25,8.6,,,,8.75,7.5,8
1000337,Evelyn,6.6,4.25,,,,,4.75,5.25,
1000338,Aiden,6.4,8,8.2,,,,5.75,5.25,7.5
1000339,Oliver,,2.5,,,,,4.25,6,
1000340,Emma,7.4,6.75,9.2,6,6,5,,,
1000341,Liam,7.2,7,7.4,,,,7.25,6.5,8.5
1000342,Noah,3,4.5,3,,,,4,5.25,8
1000343,Harper,,6,,,,,7.5,7,
1000344,Oliver,9.2,9,9.4,,,,9.5,9.25,9
1000345,Jackson,7.8,8.5,7.8,,,,7,6,7
1000346,Harper,7.4,7.5,8.6,,,,7.5,6.5,7.5
1000347,Chloe,5.6,7,5.4,,,,8,7.25,8.75
1000348,Evelyn,8.2,7.5,8,,,,8.25,8,8
1000349,Ava,7,5,6.6,,,,7,6.25,8.25
1000350,Amelia,7.2,8.75,6.8,,,,8.75,8.75,9
1000351,Amelia,8,8.5,6.6,,,,5.25,6,8.5
1000352,Harper,7.4,7,7.4,,,,6.5,7,8.5
1000353,Amelia,8.6,7.5,7,,,,6,5.25,7.5
1000354,Olivia,7.6,7.5,6.8,,,,7.25,6.75,8.25
1000355,Elijah,,3.5,,,,,3,5,
1000356,Amelia,6.6,6.25,6.6,,,,5.5,6.5,8.5
1000357,Oliver,6.4,7,6,,,,8.25,7.25,7.75
1000358,William,7.4,7.5,7.2,,,,6.5,7,8
1000359,Sophia,8.2,8,8.6,,,,7,7.25,8
1000360,Evelyn,7.6,,6.6,7.5,,,,,
1000361,James,4,6.75,3.4,,,,7.25,5.5,4.25
1000362,Daniel,8,8,8,,,,4.25,6.5,8.25
1000363,Aiden,8.6,9,8.6,,,,7.75,8.5,9
1000364,Henry,7.4,6.5,6.2,,,,7,7.5,8
1000365,Sofia,7.8,8.5,6.4,,,,6.5,7.75,8.25
1000366,Samuel,7.2,7.5,5.4,,,,7.75,7.25,8.25
1000367,Olivia,4,7.5,5.6,,,,5.5,6.25,7
1000368,Harper,5.6,8,6.4,,,,9.25,8.75,7.75
1000369,Benjamin,6.2,8.5,9.2,,,,4,8.25,8.5
1000370,Emily,8.2,8.25,8,,,,7.75,8,9
1000371,Isabella,4.4,5.5,6.8,,,,3.5,5,8
1000372,Samuel,7.8,8.5,9.2,,,,,,
1000373,Sofia,8.2,7.75,7.8,,,,5,5.5,7.25
1000374,Liam,3.2,7.5,3.8,,,,6,4.25,7.25
1000375,Jackson,,6,,,,,7.75,7.5,
1000376,Sophia,4.4,7.25,,,,,5.25,5.75,
1000377,Aiden,,6.75,,,,,8.5,8.25,
1000378,Chloe,6.8,6.25,,,,,6.75,5.75,
1000379,Charlotte,2.2,5.25,,,,,6,5.5,
1000380,Isabella,,4,,,,,6.5,6.75,
1000381,Emily,8,7,,,,,7.5,7,
1000382,Jackson,5.6,6,8.2,,,,,,
1000384,Charlotte,,6.75,,,,,8.5,7.25,
1000385,William,,6,,,,,4.5,5.25,
1000386,Lucas,7.8,8.75,9.4,,,,,,
1000387,Grace,7.6,8.25,8.8,,,,5,7,9
1000388,Evelyn,3.8,6,,,,,3.25,6.25,
1000389,Benjamin,,7.25,,,,,10,8.75,
1000391,Elijah,1.8,4.75,,,,,4.5,5.5,
1000392,Emma,,5.75,,,,,8.25,8.5,
1000393,Mia,5,5,8.6,,,,6.25,6.25,
1000394,Oliver,,7.5,,,,,9.5,8.75,
1000395,Aiden,,5.5,,,,,6.25,7.25,
1000396,Liam,,3.75,,,,,6,6,
1000398,Oliver,2.6,4,,,,,4.5,4.25,
1000399,Emily,,4.25,,,,,5.5,6.75,
1000400,Benjamin,,6,,,,,7.5,7.5,
1000401,Henry,,4,,,,,6,6.25,
1000402,Emily,5,6.25,5,,,,,,
1000403,Henry,,3.75,,,,,2.75,5.5,
1000404,Emily,8.2,6,8.6,,,,9.25,7.25,8.25
1000405,Grace,,6,,,,,7.25,8.25,
1000406,Daniel,,8.25,7.6,,,,8.5,8.75,8.5
1000407,Emily,3.4,7,,,,,5,6,
1000408,Isabella,,7,,,,,7.25,5.75,
1000409,Abigail,,6.5,,,,,8.25,6.75,
1000410,Sofia,,6.75,,,,,7.75,6.25,
1000411,Olivia,6,5.75,,,,,6.5,6.5,
1000412,Elijah,,4,,,,,7.5,7,
1000413,Emily,5.4,6,,,,,8.5,8.25,
1000414,Jackson,,7.5,,,,,8.75,8.75,
1000416,Liam,6.2,6.25,,,,,7.25,7,
1000417,Sofia,6.8,,8.2,,9,7,,,
1000418,Amelia,,3.5,,,,,6.75,7.25,
1000419,Olivia,,5,,,,,4,7.25,
1000420,Evelyn,,5.5,,,,,5.25,6.75,
1000421,Liam,1.8,5,,,,,3.25,7.25,
1000422,Mia,8.2,7.75,8,,,,,,
1000423,Harper,4.2,4.25,,,,,4.25,7.5,
1000424,Benjamin,5.2,6.5,,,,,8.5,8.5,
1000425,Abigail,2.4,,2.6,5.75,,,,,
1000426,Oliver,3.8,5.5,,,,,5.75,4.75,
1000427,Ava,6.6,6.75,8.2,,,,8.75,8.75,7.75
1000428,Jackson,,5.75,,,,,6.5,7.25,
1000429,Samuel,,4.25,,,,,4.75,3.5,
1000430,James,,7.75,,,,,9.25,8.5,
1000431,Harper,,6.25,,,,,9,7.75,
1000432,Aiden,,7.75,,,,,9.5,8.5,
1000433,Emily,,6,,,,,8,8,
1000436,Jackson,,1.5,,,,,5.5,6.75,
1000437,Scarlett,,4.25,,,,,7,8.25,
1000438,Aiden,,5.5,,,,,5.25,7.75,
1000439,Oliver,5.4,5.75,,,,,6.5,6,
1000440,Henry,2.8,5.5,,,,,5,6.5,
1000441,Lucas,3.8,4.5,,,,,1.75,5,
1000442,Isabella,,6,,,,,5.25,6.5,
1000443,Charlotte,,3.75,,,,,2.5,7.5,
1000444,Emma,,5,,,,,6,7.5,
1000445,Scarlett,,7.75,,,,,9.75,8.75,
1000446,Jackson,,8,,,,,9.25,7.75,
1000447,Ava,,5.5,,,,,6.75,6.75,
1000448,Ava,,4,,,,,7,7.75,
1000449,Jackson,,5,,,,,8.25,9,
1000450,Benjamin,,5.25,,,,,6.25,7,
1000451,Mia,,3.75,,,,,8.25,6.75,
1000452,Olivia,,6,,,,,5.75,6.25,
1000453,Chloe,3,4,,,,,3.75,4.75,
1000454,Olivia,3.2,4.75,,,,,5,5.5,
1000455,Olivia,3,2.75,,,,,4.75,4.25,
1000456,Aiden,,7.25,,,,,7,7.25,
1000457,Oliver,,4,,,,,4.5,5.25,
1000458,Scarlett,,6.25,,,,,9.25,7.25,
1000459,Ethan,8.4,7.25,9.2,,,,,,
1000460,James,,5,,,,,6.75,5.75,
1000461,William,,5.75,,,,,5.75,6.5,
1000462,Jackson,,4.25,,,,,4.75,5.75,
1000463,William,4.4,6,,,,,5,4.5,
1000464,Sofia,6.4,5.75,3.6,,,,5.5,5.5,
1000465,Harper,6,5.75,,,,,6.5,6,
1000466,Scarlett,7.4,5.5,6.4,,,,8,7.25,
1000467,James,3.6,6.5,,,,,6.5,6,
1000468,Lucas,2.4,6.5,,,,,3.75,5.75,
1000469,Chloe,7.6,8,8.4,,5,5,,,
1000470,Liam,,4.5,,,,,7.5,6.5,
1000471,Liam,6.8,6.75,6.8,,,,,,
1000472,William,8,,9,8,,,,,
1000473,Oliver,6.8,5.75,,,,,5.75,5.75,
1000474,Elijah,,4.5,,,,,4.5,5.25,
1000475,Scarlett,,5.25,,,,,3.75,5,
1000476,Emily,8.2,8,9.6,,,,,,
1000477,Harper,8.4,,9.2,8.5,8.75,2.5,,,
1000478,Oliver,,6.75,,,,,5.25,6.5,
1000479,Ethan,,8,,,,,10,9.25,
1000480,Oliver,3.6,3.25,,,,,3,4.5,
1000482,Jackson,,6,,,,,8.5,7.5,
1000483,Amelia,,6.25,,,,,7,6.75,
1000484,Daniel,6.6,7.25,3.6,,,,7,6.75,
1000485,Harper,,6.5,,,,,9.75,9.25,
1000486,Oliver,,3.75,,,,,4,6.25,
1000487,Samuel,7.6,8,9.2,,,,,,
1000488,Benjamin,,6.5,,,,,8.5,7.75,
1000489,Elijah,,6.25,,,,,6.75,7.75,
1000490,Sophia,6.8,6,6.4,,,,,,
1000491,Lucas,,5.5,,,,,8.75,8.75,
1000492,Lucas,,6.5,,,,,8.75,8.75,
1000493,Ethan,3.4,5.25,4.8,,,,7.75,5.75,7.75
1000495,Chloe,,6.75,,,,,9.75,7.75,
1000496,Sophia,,5.75,,,,,7.75,7.75,
1000497,William,,4.5,,,,,4.25,6,
1000498,Evelyn,,3.25,,,,,5.75,6.75,
1000499,Aiden,,4.75,,,,,6.75,5.75,
1000500,Noah,,5,,,,,6.5,5.25,
1000501,Benjamin,,2.5,,,,,4.5,5,
1000502,Amelia,,4.25,,,,,5.5,6.75,
1000503,Elijah,,5.75,,,,,6.75,7.75,
1000504,Harper,,4,,,,,5.25,4.5,
1000505,Emily,,5.75,,,,,9,8.5,
1000506,Chloe,,5.75,,,,,4.5,5.25,
1000507,Lucas,,5,,,,,4.5,4.25,
1000508,Scarlett,,7.25,,,,,9.5,9,
1000509,Isabella,,7.25,,,,,8.25,7.75,
1000510,Scarlett,,3.5,,,,,6.25,6.25,
1000511,Noah,,5.5,,,,,8.75,7.5,
1000512,Olivia,,1.5,,,,,6.25,6.25,
1000513,Charlotte,,6,,,,,9.25,7.5,
1000514,Emily,,7.5,,,,,9.25,9,
1000515,Lucas,,4.67,,,,,9,6.5,
1000516,Scarlett,,4.25,,,,,5,4.75,
1000517,Samuel,,4.75,,,,,7.25,6.25,
1000518,Ethan,,5,,,,,8.25,5.25,
1000519,Amelia,7,7.5,8.6,,,,,,
1000520,Amelia,,7.75,,,,,7,6.5,
1000521,Mia,,7.75,,,,,9.25,8.75,
1000522,Samuel,2.4,4.25,8.2,,,,,,
1000523,Noah,,5.5,,,,,8.5,7.5,
1000524,Emma,,6.25,,,,,6.25,5.75,
1000525,Chloe,6.6,7,8.8,,,,,,
1000526,Sophia,,5.5,,,,,6.25,7,
1000527,Ava,,6,,,,,6,6.25,
1000528,Harper,,4.75,,,,,2.75,4.75,
1000529,Jackson,,5.5,,,,,7.75,6.25,
1000530,Ethan,,6.5,,,,,7.25,7.25,
1000531,Chloe,7.8,7.25,9.6,,,,8,7.5,9
1000532,Elijah,,8.25,,,,,8.5,7,
1000533,William,,5,,,,,4.25,6.25,
1000534,Mia,,6.25,,,,,7.5,6.25,
1000535,Lucas,4.8,4.75,8.4,,,,8.25,7.25,
1000536,Elijah,,5.75,,,,,7,8,
1000537,William,8.4,,9,,8.25,7.5,,,
1000538,Emma,,8,,,,,9.75,9.25,
1000539,Henry,,5.25,,,,,7,7.75,
1000540,Ethan,,4.5,,,,,3.5,5.25,
1000541,Mia,,5.75,,,,,6.25,7,
1000542,Grace,7,5.75,2.6,,,,5.25,7,
1000544,Ava,,4.75,,,,,7.5,7.25,
1000545,Isabella,,6,,,,,9.5,7.75,
1000546,James,,4.5,,,,,5,6.25,
1000547,Evelyn,5.8,6.5,6.6,,,,4.25,5.25,
1000548,Ethan,8.4,8,9,,,,,,
1000549,Ethan,7.8,8,8.8,,,,8.25,7.5,
1000550,Olivia,9.2,8.25,9,,,,,,
1000551,Ava,,7.75,,,,,9.5,7.5,
1000552,Abigail,8.4,7.75,8.4,,,,,6.25,
1000554,Emma,7.6,4.75,5.8,,,,,,
1000555,Noah,7.2,8.5,5.8,,,,,,
1000556,Liam,,6.75,,,,,8.5,8.25,
1000557,Henry,,4.5,,,,,8.25,8,
1000558,Abigail,,6,,,,,7.75,6.75,
1000559,Liam,7.2,8,8.2,,,,7.25,5.75,7
1000560,Daniel,8,8.25,7.4,,,,7.5,6.5,8.5
1000561,Amelia,8.4,8.25,6.4,,,,7.25,8.5,8.75
1000562,Henry,7.6,7.25,7.4,,,,6.75,6.5,8.75
1000563,Emily,8,8.25,9.8,,,,8.75,8.25,8.75
1000564,Mia,8,8.25,9.2,,,,8.25,7.25,7.75
1000565,Aiden,6.2,8.25,9,,,,5,6.75,7.75
1000566,Sophia,7.6,7.5,8.6,,,,7.25,5.75,8
1000567,Lucas,8.6,7.5,8.4,,,,7.75,6.5,8
1000568,Samuel,8.6,8.25,8.4,,,,6.5,6.5,9
1000569,Evelyn,8.8,9,9.8,,,,8.5,8.5,9.5
1000570,Aiden,7.4,8.5,4.6,,,,7.25,7.5,8.5
1000571,Olivia,8,8.75,8.8,,,,7.75,6.5,8.5
1000572,Emily,8.2,8.75,8.6,,,,6.25,7,8.5
1000573,Noah,7.4,8.25,8.2,,,,6.5,6.75,7.75
1000574,Ethan,7.6,6.5,8.8,,,,6.5,7,7.75
1000575,Harper,7.6,4.5,8.8,,,,8.25,8,9.5
1000576,Evelyn,3.8,6.25,3.8,,,,8,6.5,8
1000577,Evelyn,7.2,6.25,7.2,,,,6.75,6.25,6.25
1000578,Jackson,4.6,6.75,4.4,,,,6.5,7.5,8.5
1000579,Mia,7,7.25,7.6,,,,7.25,7.25,8.5
1000580,Sophia,6.6,7,6.2,,,,7,5.5,7.25
1000581,Ava,7.2,7,4.6,,,,7.25,6,8
1000582,Mia,4.4,7.5,4.6,,,,6.75,6.25,7
1000583,Amelia,7,6.25,5.6,,,,8.25,7,9.25
1000584,Henry,7.8,9.25,6.6,,,,7.25,5,7.5
1000585,Ethan,7.2,7.75,8,,,,7.75,7.5,8.5
1000586,Ava,8,,,8,7.75,,,,
1000587,Henry,7.4,,,6.25,5.75,,,,
1000588,Olivia,2.4,3.25,,,,,7.5,,
1000589,Amelia,8,6,,,,,10,,
1000590,Emma,7.2,,,7,5.25,,,,
1000591,Henry,7.4,,,5,4.75,,,,
1000593,Olivia,1.8,3.75,,,,,5.75,,
1000594,Jackson,8.4,5.25,7.8,8.5,9.25,3.25,,,
1000595,Benjamin,5.8,5.5,7.2,,,,7.5,8,8.75
1000596,Olivia,8.6,4,6.2,8,8,3.75,,,
1000597,Harper,9.2,5.5,8.4,5.25,9,8.5,,,
1000598,Abigail,8.4,7.5,9.4,5.25,6.25,5.25,,,
1000599,Benjamin,8.2,6,3.2,6.25,7,5.75,,,
1000600,James,8.2,7,9.4,8.75,7.75,6,,,
1000601,Lucas,8,5.75,8.8,8,9,5,,,
1000602,Olivia,6.4,5.75,7,,,,8.25,7,7.5
1000603,Emma,8,7.25,6.8,7.5,5.5,5.25,,,
1000604,Ava,9.2,6.75,9.2,8,7.75,6.25,,,
1000605,Scarlett,7.8,6.5,7.6,6.75,5.25,4,,,
1000606,James,7.6,6,6.8,4.75,4.5,4.75,,,
1000607,Charlotte,8.4,8.5,,8.5,6,5.25,,,
1000608,Grace,8.6,7.5,8.8,,,,8.25,8.5,9.25
1000609,William,6.8,9,7,,,,8,6.25,8.75
1000610,Harper,8.6,8,9,,,,6.75,7.5,8.25
1000611,Amelia,8.8,7.25,8.6,5.25,8.25,8.5,,,
1000612,Chloe,9.6,6.25,8.4,8.5,9.25,6.25,,,
1000613,Sofia,6.6,8,6.8,,,,8.25,6,9
1000614,Harper,8.6,8.25,8.2,,,,8.25,7,7.75
1000615,Daniel,8.2,8.5,9.6,,,,9.25,8.25,9.5
1000616,Charlotte,7,6.5,5.2,6.75,4.75,2.75,,,
1000617,Henry,7,6.5,8.6,,,,9.25,6.75,8.75
1000618,Ava,4,6.25,8.2,,,,4.75,6.5,8.25
1000619,Abigail,8.4,7.5,8.6,,,,8,8.5,8.75
1000620,Scarlett,4.6,8.75,7.2,,,,9.25,8.75,6.75
1000621,Ava,7.8,8.25,8.2,,,,8.75,7.75,8.75
1000622,Scarlett,8,7,6.4,,,,7,7,7.75
1000623,Evelyn,6.8,5.25,3.4,,,,4.5,5.5,8
1000624,Liam,5.4,6.5,3.2,,,,6.5,5.5,8.25
1000625,Harper,8.4,8.25,9.4,,,,7.75,7.5,7.75
1000626,Emily,8,7,7.4,8,7.5,4.25,,,
1000627,Scarlett,7.4,8.75,9.2,,,,6.25,6.25,8.5
1000628,Lucas,7.8,8.75,8.8,8.5,8.5,5.75,,,
1000629,Oliver,5.8,8.25,7.4,,,,8,7,8.75
1000630,Aiden,4.8,7.5,5.6,,,,8.75,8,8.25
1000631,Jackson,7.6,8.75,7.4,,,,8,7.25,8.5
1000632,Chloe,6.4,6,5,,,,4.5,5.25,8
1000633,William,7.2,7.5,9.4,,,,7.5,7.75,9
1000634,Chloe,8.2,8,8,,,,7.25,5.75,7.5
1000635,Benjamin,6.4,7.25,7.6,,,,4.5,5.75,7.25
1000636,Noah,6.6,7.75,8.6,5.75,7.25,6.75,,,
1000637,Samuel,5.4,4.5,7,,,,6.5,6,8.75
1000638,Olivia,7.8,6.75,8.4,,,,5.75,6.75,7.5
1000639,Noah,7,7,7.6,7,5.5,4,,,
1000640,Chloe,7.6,8.25,9.2,,,,6.25,7.5,8.5
1000641,Evelyn,7.8,6,9.2,7.5,5.5,5.5,,,
1000642,Charlotte,6,8,6,,,,8,7.5,7.75
1000643,Isabella,6.6,6.75,8.6,,,,7.25,6.75,8.75
1000644,Mia,8.2,6.5,8,,,,6,6.75,8
1000645,Liam,7.8,7.25,7.2,,,,8.25,7.75,7.25
1000646,Noah,8.6,8.25,9.2,,,,8.25,7.25,9
1000647,Sofia,6.2,6.83,7,,,,6,6.5,7.5
1000648,Olivia,4,7.75,3.4,,,,6.5,7.25,7.75
1000649,Aiden,6.2,6.25,3.8,,,,6.75,4.75,6
1000650,Charlotte,5.6,6.25,6.6,,,,6.5,6.75,8
1000651,Ava,8.2,8,7.8,,,,8.25,7.75,7
1000652,Abigail,8.6,4,9,8.5,8.75,7.5,,,
1000653,Chloe,9,7.75,8.8,,,,9.25,8.75,9.75
1000654,Chloe,8.8,5.5,6.4,5.75,8.75,8.25,,,
1000655,Benjamin,8.2,5.5,8,,,,7.75,8.75,8.25
1000656,Liam,3.4,4.5,5.4,,,,5,6.25,5.25
1000657,Emily,7.8,6.75,7.6,,,,6.5,8.5,8.25
1000658,Henry,8.8,9,9.2,,,,9,7.75,8
1000659,Sofia,8.6,6,7.4,8.5,2.25,4.75,,,
1000660,Mia,8.4,5.75,,8,8.5,3.75,,,
1000661,Aiden,7.8,7.75,8.6,7.25,5.5,5.25,,,
1000662,Harper,5.6,6.5,5,,,,6.25,7,8.25
1000663,Olivia,6.4,6.75,8.2,,,,7.5,7.75,8.5
1000664,Benjamin,7.6,7.5,8.6,,,,9.25,8.5,9.25
1000665,Evelyn,7.8,6.5,8.8,6,4.5,3.5,,,
1000666,James,8,6.75,9,4.75,8.25,3.75,,,
1000667,Jackson,9,6.5,8,,,,8.25,8.25,8.5
1000668,Daniel,8.2,7,3.8,,,,8.5,6.75,9
1000669,Samuel,8,8,9.2,,,,8.25,8,8.75
1000670,Elijah,8.6,6,7.8,6.25,7.25,3.25,,,
1000671,Oliver,7.8,7.25,,,,,8,7.5,9
1000672,Noah,7.8,6.25,8.2,,,,7,6.25,8.25
1000673,Evelyn,7,3.75,8.6,7.25,4.75,3.5,,,
1000674,William,7.8,6.25,7.8,7.25,4,3,,,
1000675,Scarlett,6.4,6.75,6.4,,,,6.75,7,7.75
1000676,Charlotte,4.2,7.75,4.2,,,,8.75,8.75,8.5
1000677,Harper,7.4,6.67,8.4,,,,7.25,8.25,7.75
1000678,Benjamin,8.6,8,9.4,,,,8.75,7.5,9
1000679,Noah,7.8,8.75,9.4,,,,8.5,9,9.25
1000680,James,8.2,8.5,9.8,,,,7.25,8,8.25
1000681,Oliver,7.8,9,8.8,,,,8.75,7.5,9
1000682,Abigail,7,7.5,7.4,,,,4.25,5.25,7.25
1000683,Lucas,7.8,7.17,9.2,6.5,4,5.5,,,
1000684,Samuel,4.4,7.25,,,,,8.25,7.75,9.25
1000685,Charlotte,7.8,8,8.4,,,,8,7.25,9.5
1000686,Lucas,7.8,7.75,8,,,,7.5,6,8.5
1000687,Sofia,7.6,8,,,,,6.75,7.25,8.25
1000688,Daniel,8.8,6.5,8.6,9.25,3,4.25,,,
1000689,Sophia,8.8,6.5,7.2,5,8,7,,,
1000690,Harper,8.6,7.75,7,,,,7.5,7.5,7.75
1000691,Sofia,8.4,6.25,8,7.5,3.5,3.5,,,
1000692,Sophia,5.2,8.5,4.6,,,,8.5,8.5,7.75
1000693,Emma,8.6,7.75,8.6,,,,6.5,7,8.25
1000694,Sophia,9.2,6.75,9.2,8.75,5.25,3.25,,,
1000695,Abigail,6.8,7.5,6.4,,,,4.5,6,8.25
1000696,Abigail,6.8,8,4.8,,,,5.75,6.5,9.75
1000697,Ava,7.4,8.75,9.6,,,,9.25,8.5,8.5
1000698,Noah,7.8,8.25,8.2,,,,7.5,8,8.25
1000699,Oliver,5.2,9,4.8,,,,8,6.75,7.75
1000700,Evelyn,7.8,8.75,8.6,,,,7,7.25,8
1000701,Abigail,6.6,8.75,8.6,,,,7.5,8.5,8.5
1000702,Oliver,7.8,8,7.8,,,,8.5,7.75,8.25
1000703,Scarlett,7,6,8.6,8.25,4.25,2.25,,,
1000704,Evelyn,7.6,8,8.8,,,,7.25,6.75,7.75
1000705,Samuel,7.2,8,6.4,,,,6.75,6.75,7.75
1000706,Olivia,7.2,6.25,6.2,,,,6,6.5,7.25
1000707,Ava,7.4,9.25,8,,,,9,9,9.25
1000708,Lucas,8.4,8.75,8,,,,5.25,4.75,7
1000709,Lucas,8.6,8,9.2,,,,7,6,9.75
1000710,Olivia,7.6,7.5,8,,,,7,6.75,8.5
1000711,Jackson,7.4,6.5,6.4,4.75,3.5,3,,,
1000712,Ethan,7.6,7.5,9.4,,,,7.75,8.75,8.5
1000713,Mia,8.4,6.25,9.4,7,8.25,5.5,,,
1000714,Ethan,8,9,8.2,,,,8.25,8.5,8.5
1000715,James,8,8.5,8.6,,,,9,7.75,8.25
1000716,Henry,8.8,8.5,8.4,,,,8.25,6.25,8
1000717,Ethan,8,8.5,8.8,,,,6,8,8.75
1000718,Charlotte,7.6,8.75,9,8.25,5.25,6,,,
1000719,Samuel,3.6,7.25,4,,,,5.5,7.25,6.75
1000720,Jackson,7,7.25,8.4,,,,6.5,6.25,8
1000721,Olivia,5.2,9.25,5.2,,,,7.75,7.75,8.5
1000722,Henry,4,5.67,6.6,3,4.75,4,,,
1000723,Daniel,8.6,8,7.8,,,,8,6.75,7.5
1000724,William,8.2,7,6.8,,,,7,7.5,7.75
1000725,Scarlett,9,8.5,9.2,,,,8.25,8,8.5
1000726,Ava,5.6,7.25,3.6,,,,7,5.75,7.75
1000727,Scarlett,8.8,7.17,8,4,8,3.75,,,
1000728,Harper,7,8,8,,,,6,5,7.75
1000729,Olivia,8.4,6.75,9,9.75,3.25,3.5,,,
1000730,Daniel,6.4,7.75,,,,,8.25,7.5,8
1000731,Liam,3,5.75,,,,,5,,
1000732,Emma,2.4,,,3.5,3.5,,,,
1000733,Emily,8.6,5.5,7.4,5.25,8.5,2.75,,,
1000734,Emily,8.2,8,6.8,,,,7.25,4.75,7
1000735,Daniel,7.6,,,6.75,7.5,,,,
1000736,Isabella,8,8.5,7.4,,,,7.75,7.25,7.5
1000737,Oliver,4.2,5.75,,,,,4.25,,
1000738,Jackson,8,3.25,6.8,7.75,7.75,4.5,,,
1000739,Benjamin,7.4,7.25,,5.75,7.5,7.5,,,
1000740,Liam,8.2,6.75,7.4,9,8.75,5.5,,,
1000741,Lucas,8.2,8.5,6.4,,,,5.75,7,8
1000742,Elijah,8.6,,,5.25,9,7.5,,,
1000743,Sofia,7.4,8,8.8,,,,8.5,7.5,9
1000744,Ava,7.8,5,3.4,6.5,6.5,1.5,,,
1000745,Daniel,7.2,8.25,7.6,,,,8,6.75,9
1000746,Scarlett,7.6,5.25,5,6.75,3,3.75,,,
1000747,Amelia,8,8.25,,,,,9.5,,
1000748,Sophia,5.6,7.75,4.2,,,,5.5,6.25,8
1000749,James,9,4.25,,8.25,8,5.25,,,
1000750,Henry,8,8,9.4,6.75,6.5,3.5,,,
1000751,Noah,2.6,6,,,,,3.5,,
1000752,Mia,4.8,4.5,5,,,,6.25,7.25,5.75
1000753,Henry,5.8,6.25,2,,,,6.75,6,6.75
1000754,Daniel,5,8,6.8,,,,9.75,8,8.25
1000755,Sophia,4.8,6.5,4,,,,7,5.75,7.5
1000756,Grace,8.2,5.5,9.2,5,9.5,3.75,,,
1000757,Evelyn,7.4,8.25,9.4,,,,9,9.5,8.5
1000758,Oliver,7.6,5.75,4.2,5.25,8,7.75,,,
1000759,Ethan,8.2,6.5,8.2,8.5,6.75,4.5,,,
1000760,Amelia,8,7.5,8.4,,,,7,6.75,7.5
1000761,Sophia,7,6.5,9.2,7,6,6.25,,,
1000762,Benjamin,6.2,7.75,8,,,,7.5,7.75,8
1000763,Charlotte,5.8,8,8.2,,,,6.5,7.25,8.75
1000764,Henry,7.4,8,8,,,,7,8,8
1000765,Mia,8.2,8.25,7,,,,8,7.25,8.25
1000766,Jackson,5,6.5,3.4,,,,8.5,6.5,7.75
1000767,Noah,7.8,8.5,6.4,,,,6,6.5,8.75
1000768,Aiden,8.4,8.75,8.2,4.75,9.25,7.75,,,
1000769,Noah,8.6,7,8.6,,,,7.5,9,8.25
1000770,Daniel,8.4,8.5,9.2,9,5.25,5.25,,,
1000771,Sofia,5.8,8.25,,,,,6.75,6,7.75
1000772,Jackson,3,4.25,,,,,5.75,,
1000773,Evelyn,7.6,8.5,7.8,6,6.25,6.25,,,
1000774,Benjamin,7.8,8,6.2,,,,9,6.5,8.5
1000775,Aiden,8.2,9.5,9.6,,,,9,8.25,8.75
1000776,Chloe,9,8.75,7.8,,,,7.25,7.75,7.5
1000777,Scarlett,5.8,7.5,4.8,,,,6,6.25,7.75
1000778,Grace,8.6,7,8.8,8.5,6,5,,,
1000779,Olivia,8.2,7,7.2,6.75,4.75,4,,,
1000780,Charlotte,8.4,8.25,8.4,,,,9,8,7.5
1000781,Abigail,8,7.5,8,7.5,7.5,6,,,
1000782,Emily,8.2,7.75,9,,,,7,8.75,8
1000783,Abigail,6.2,4.25,5.6,,,,6.75,6.25,8
1000784,Elijah,7.6,7,8.4,3.75,6.5,7.25,,,
1000785,William,8.2,7.25,9.4,7.75,8.25,5.5,,,
1000786,Emma,7.4,7,8.2,,,,8.5,8.75,9.25
1000787,Mia,7.8,8.25,8.4,5,8,5.5,,,
1000788,Aiden,8.6,9.25,9.2,,,,8.5,8,8
1000789,Isabella,9,9,9,9.25,8.75,6.5,,,
1000790,Jackson,8.4,5.75,5.2,6.75,7.75,4.5,,,
1000791,Grace,9,5.75,7.6,6,4.5,6,,,
1000792,William,8.8,6.25,6.8,7.25,9,7.5,,,
1000793,Mia,7.2,7,5.6,,,,4.5,7,8.5
1000794,Elijah,7.8,7.75,8,,,,7.5,8.75,8.75
1000795,Henry,7.6,8.25,8.2,,,,7,5.5,8.25
1000796,Harper,7.8,7.25,9.2,6,5,4.25,,,
1000797,Daniel,,,,,,,8,5.25,
1000798,Scarlett,8.8,8,7.6,,,,9,7.5,8.75
1000799,Ethan,9.2,4.25,9.6,7.75,6.75,5.25,,,
1000800,William,6.4,6.75,5.4,,,,7.75,7.5,9.5
1000801,Aiden,9,7,8.8,,,,8.75,7.75,8.75
1000802,Ava,5.8,7.5,8.8,,,,8.25,7.5,8.25
1000803,Jackson,7.2,7,6.4,,,,5,6,6
1000804,Henry,7,7.25,,4.75,4.5,4,,,
1000805,Noah,8.8,8.75,6.8,6,5,4.5,,,
1000806,Sophia,9.4,8,9.6,8.75,7.25,5.5,,,
1000807,Sophia,6.8,8.25,5.2,,,,8.25,6.25,8.75
1000808,Abigail,8.2,5,8,7.25,4,6,,,
1000809,Harper,3.6,6.25,7.6,,,,4.5,6.25,6
1000810,Ethan,7.6,8.75,7.8,,,,7.25,7.5,9
1000811,Ethan,8,6.25,6.4,8,7.25,2.75,,,
1000812,Elijah,7.8,5.5,8.8,6.75,5.25,3.25,,,
1000813,Jackson,8.2,6,8.8,5.75,4.5,2.5,,,
1000814,William,7,,,6.25,,,,,
1000815,Evelyn,4.4,7,7.6,,,,7.5,5.75,7.25
1000816,Henry,2.8,6.75,7.2,,,,7,6.75,8.25
1000817,Benjamin,7.8,8.25,8,,,,8,8,8.75
1000818,Harper,6.2,5.75,7.2,6,6.75,4.25,,,
1000819,Amelia,5.2,8,,,,,6,5,8
1000820,Sophia,7.4,6,6.6,,,,3,6,7.75
1000821,Isabella,7.6,5.5,5.4,6,7.25,3.5,,,
1000822,Lucas,6.4,6.25,6.8,7.5,4.75,2.5,,,
1000823,Jackson,8,6.5,,,,,8.75,7.25,8.5
1000824,Chloe,8.2,5.5,7.2,8.25,3.25,4,,,
1000825,Scarlett,9,7.5,8.8,8.75,7.5,6.75,,,
1000826,Henry,8.6,7.5,7.4,,,,8,6.25,8.75
1000827,Ava,8,7.75,9.8,,,,6.75,5.25,7.75
1000828,Daniel,8.8,7.75,8.8,,,,7.75,9,8.75
1000829,Elijah,7.6,7.5,8,,,,7.5,6.25,8.75
1000830,Ethan,7.4,7.75,3.6,5.5,3.75,5,,,
1000831,Isabella,8.4,8.25,8.2,,,,9,6.5,9
1000832,Amelia,8.6,8.5,8.4,,,,7,5.5,8.25
1000833,Mia,6.4,8.75,7.2,,,,8.75,8.5,9
1000834,Emily,7.8,9.25,8.4,,,,8.25,8.25,9.25
1000835,Harper,5.2,6.75,6,,,,5.5,6.25,8.25
1000836,James,8,8.25,7.8,,,,8.25,8,8.25
1000837,Harper,5.4,7.75,6.4,,,,7.25,6.75,7.75
1000838,Emily,4,7,2.4,,,,4.75,5.5,6.5
1000839,Benjamin,7.2,4,7.8,6,2.5,3,,,
1000840,William,8.4,7.75,7.8,,,,7,5.5,7.75
1000841,Elijah,7.8,4.25,8.8,8.5,2.5,3.75,,,
1000842,Isabella,8.6,7.25,3.4,,,,7,6.5,9
1000843,Evelyn,8.2,8.25,9,8.5,4.5,4.5,,,
1000844,James,5,5.5,4,,,,7.25,7,8
1000845,Daniel,7,6.25,5,4.5,4.25,2.75,,,
1000846,Sofia,7.6,6,6.2,7.5,5,3.5,,,
1000847,Evelyn,8.2,8,9,,,,8.25,6.25,9.5
1000848,Mia,6.4,6,6.4,7.25,6,4.75,,,
1000849,Amelia,9.4,8.75,8.6,,,,7.5,7.75,8.25
1000850,Liam,5.8,8.25,6.4,3.75,5.25,3,,,
1000851,Harper,7,7.25,7.6,,,,6.5,5.75,7.75
1000852,Samuel,8,9,9.6,,,,9.25,7.5,9.25
1000853,Ava,7.4,7.75,8.8,,,,6.75,7.5,8.25
1000854,Henry,8,7.25,7.2,5,7.75,3.75,,,
1000855,Charlotte,8,9,9,,,,8.75,8.25,9.25
1000856,Chloe,6.6,8,4.6,,,,6.75,7.75,8.5
1000857,Samuel,7,7.5,6.4,,,,9,8.5,8.75
1000858,William,7.6,7.5,8.2,,,,6.25,7.25,8.5
1000859,Lucas,2.6,3.75,,,,,5.25,,
1000860,Olivia,5.8,7,8.6,,,,7.25,7,8
1000861,Samuel,8.6,8.5,9.4,,,,7.25,6.25,7.75
1000862,Isabella,8.6,7.75,9.6,7.75,8,5.75,,,
1000863,Emma,5,6.75,7.8,,,,6.75,5.5,8.5
1000864,Harper,8.4,4.5,7.2,8.25,8,3.25,,,
1000865,Scarlett,7,7.25,6.4,,,,5.25,6,8.75
1000866,Samuel,9,8,8.4,4,8.5,3.75,,,
1000867,Emily,7.6,8.25,6.4,,,,6,5.5,7.5
1000868,Liam,6.4,6.5,9.2,5.75,5,4.25,,,
1000869,Emma,3.4,,,,,,6,6.5,
1000870,Grace,7.6,9,8.8,,,,8,7.5,8.5
1000871,Henry,8.6,9,9,,,,7.5,7.25,8
1000872,William,6,6.5,5,,,,4,4.25,9
1000873,Sofia,7.8,6.25,7.4,8,4.75,2.75,,,
1000874,Ava,8.8,5,4.4,8,8.25,3.5,,,
1000875,Sophia,7.8,8,8.4,,,,8.75,6.75,7.5
1000876,Sofia,9,6.25,6.4,8.25,8,3.25,,,
1000877,Daniel,8.2,8.75,9.4,,,,8.25,7.25,8.5
1000878,Sophia,7.4,8,6.8,,,,8.5,5.75,9.25
1000879,Ava,7.8,,,8.5,7.25,,,,
1000880,Scarlett,8,7.25,9.8,,,,6.25,6.5,8
1000881,Ethan,6,8,8.6,,,,7,7.75,8.25
1000882,Ava,6.2,6.5,5,,,,6.25,6.75,8.5
1000883,Liam,6.6,8.75,8,,,,8.75,8.5,8.75
1000884,Sofia,5.4,5.25,,,,,3.5,,
1000885,Aiden,8,7.5,8.4,,,,8.25,7.75,8.25
1000886,Scarlett,6.6,6.75,,,,,6.75,,
1000887,Oliver,8.8,6.75,7.8,9.5,3.5,2.75,,,
1000888,Emily,5.2,7.25,9.4,,,,7.75,8,8.25
1000889,Lucas,3.4,6,5.4,,,,5.75,4.75,7.25
1000890,Ava,5.6,7.75,8.6,,,,6.5,5.75,8.25
1000891,Emily,8.2,9,9.4,,,,8.5,6.5,8.25
1000892,Sophia,8,8.25,4.6,,,,7,2.75,7.5
1000893,Olivia,6.8,7.5,6.8,6,4.25,4,,,
1000894,Henry,8.2,6,9.8,8.5,4,5.5,,,
1000895,Evelyn,7.8,8,3.4,,,,6.75,8.5,9
1000896,Oliver,5.4,7.25,7.6,,,,5.25,6.5,7.75
1000897,Jackson,8.8,7.5,8.6,,,,9.25,6.75,9
1000898,Olivia,7.8,5.75,9,5.25,8.25,5.25,,,
1000899,Aiden,8.4,7.75,4.8,,,,7.75,7,9.25
1000900,Samuel,4.6,8,6,,,,6.25,6,8.5
1000901,Jackson,4.4,5.25,2.6,,,,5.75,5,8
1000902,Daniel,7,8.5,6.8,,,,7.5,6,7
1000903,Charlotte,5.6,7.25,4.4,,,,7.25,5.75,7.5
1000904,James,8.8,8,8.6,,,,9.25,8.25,9
1000905,Ava,4,6.5,2.2,,,,7.75,5.75,7.25
1000907,Samuel,8,6.25,,2.5,4.25,3,,,
1000908,James,3.6,,,3.5,2,,,,
1000909,Olivia,8,7.5,,,,,10,,
1000910,Emily,,6.75,,,,,6.5,,
1000911,Aiden,7.8,7,,,,,8.25,,
1000912,Sofia,8.8,8.25,,,,,9.25,,
1000913,Elijah,5.8,7.25,,,,,8.75,,
1000914,Aiden,6.2,7.25,,,,,7,,
1000916,Jackson,3.8,2,,,,,3.5,4.25,
1000917,Elijah,8.6,8.5,,,,,9.25,,
1000918,Isabella,2.4,4,,,,,4,3.25,
1000919,James,3,5,,,,,6.5,6.5,
1000920,Samuel,6.8,,,4.5,6,,,,
1000921,Emma,8,,,6,5.25,,,,
1000923,Isabella,1.8,5,,,,,,,
1000924,Charlotte,2.8,6.5,,,,,4.75,6,
1000925,Sophia,5.6,4.25,,,,,7.5,,
1000926,Grace,5.2,5.5,,,,,6.75,6,
1000927,Abigail,6.2,,,4.25,3,,,,
1000928,Chloe,4,5.5,,,,,4.5,5.25,
1000929,James,3,6.25,,,,,6,,
1000930,Sophia,8.4,8.5,,,,,9.5,,
1000931,Evelyn,7.4,,,7.75,3.5,,,,
1000932,Charlotte,3.4,5.25,,,,,4.75,5.75,
1000933,Henry,6.4,6.5,,,,,5.25,4.25,
1000934,Ethan,8.2,7.25,,,,,8.75,,
1000935,Samuel,3.2,4.5,,,,,3.25,,
1000936,Emily,5,5,,,,,7.25,6,
1000937,Evelyn,7.4,,,4.75,5.25,,,,
1000938,Olivia,7,4.75,,,,,8.5,7.75,
1000939,Isabella,6,6.75,,,,,8.5,8,
1000940,Oliver,3.8,4.75,,,,,5.75,5.75,
1000941,Jackson,4.8,5.75,,,,,7.25,,
1000942,Samuel,5.6,,,2.25,3,,,,
1000943,James,7.2,6.75,,,,,5.5,,
1000944,Benjamin,2.4,5,,,,,6,4.75,
1000945,James,3.8,,,5.25,5,,,,
1000947,Emma,5.6,6.5,,,,,6.5,,
1000948,Ava,7,6.25,,,,,6,6.75,
1000949,James,7.8,,,7.75,9,,,,
1000950,Scarlett,,7.25,,,,,,,
1000951,Benjamin,7.8,7.25,,,,,7,7.75,
1000952,Charlotte,8.6,,,8,8.25,,,,
1000953,Henry,3,4,,,,,4.75,5.5,
1000954,Elijah,3.6,5.25,,,,,7.5,7.5,
1000955,Samuel,7,,,6,6.75,,,,
1000956,Mia,6.2,6.75,,,,,6.25,6,
1000957,Evelyn,2.4,2.5,,,,,4.25,5.25,
1000958,Samuel,2.6,4.25,,,,,2.75,3.5,
1000959,Sofia,5.4,4.75,,,,,4.25,7,
1000960,Grace,7.8,8.75,,,,,9.25,,
1000961,Emma,5.2,,,3.25,4.75,,,,
1000962,Noah,2.8,5,,,,,6,,
1000963,Charlotte,9,,,2,8.75,8.25,,,
1000964,Olivia,2.2,6,,,,,4.25,6,
1000965,Abigail,3.4,3.75,,,,,4,5.5,
1000966,Mia,,4.5,,,,,5.75,5.5,
1000967,Emma,,3.5,,,,,8.25,4.25,
1000968,Henry,,8,,,,,9.75,8.25,
1000969,James,,5.75,,,,,9.5,8,
1000970,Emily,8.4,,7.6,7.75,7,,,,
1000971,Amelia,,6.5,,,,,5.75,5.75,
1000972,Abigail,,5.75,,,,,8.5,8.25,
1000973,Emma,,5.5,,,,,4.5,5.25,
1000974,Jackson,,6,,,,,4.25,5.25,
1000975,Olivia,,6,,,,,9,9.25,
1000976,Harper,,6.75,,,,,6.5,6.25,
1000977,Elijah,,6,,,,,8.5,8.5,
1000978,Sophia,,6.75,,,,,8.5,8.25,
1000979,Chloe,,5,,,,,5.75,7.5,
1000980,Isabella,,7.75,,,,,6,7.25,
1000981,Benjamin,,7.75,,,,,5.25,6.75,
1000982,Jackson,,6.5,,,,,6.5,6.5,
1000983,Amelia,7.8,8.5,6.2,,,,,,
1000984,Evelyn,,0,,,,,4.5,5.75,
1000985,Ethan,,7.75,,,,,7.5,7.25,
1000986,Liam,,7.75,,,,,6.5,7.5,
1000987,Benjamin,,6.75,,,,,9.5,8.5,
1000988,Charlotte,,0,,,,,3.5,2.75,
1000989,Abigail,,7.75,,,,,7.75,7,
1000990,Daniel,,5.25,,,,,6.25,6.75,
1000991,Amelia,,6.75,,,,,9,8.75,
1000992,Charlotte,7.2,8.25,8.4,,,,7.5,8.5,
1000993,Ethan,7,6.75,7.6,,,,7.5,8,
1000994,Liam,8,7,7,,,,,,9.5
1000995,Noah,,4.5,,,,,4.5,7,
1000996,Abigail,,6,,,,,4.75,6.75,
1000997,Harper,5.8,6,,,,,6.5,7.5,
1000998,Evelyn,8.6,8.5,8.8,,,,,,
1000999,Emily,,5.5,,,,,6.75,4.75,
1001000,Emily,,7,,,,,8,7,
1001001,Scarlett,8.4,,7.8,5,7.5,4,,,
1001002,Emma,,7.25,,,,,7.25,6,
1001003,Aiden,,7.25,,,,,8.75,7,
1001004,Mia,,5.75,,,,,6,6,
1001005,Henry,,8.25,,,,,9.5,8,
1001006,Jackson,,8.25,,,,,9.75,9.5,
1001007,Evelyn,,7.75,,,,,9,9,
1001008,William,,6.25,,,,,9,9,
1001009,Lucas,,5,,,,,4.75,6.25,
1001010,Emily,6.4,6.75,4.6,,,,2,5.75,
1001011,Sophia,,6.25,,,,,5,6.5,
1001012,Evelyn,,5,,,,,4.25,5.5,
1001013,Ethan,,4.83,,,,,7.75,5.75,
1001014,Ava,,6.25,,,,,9,6.75,
1001015,Samuel,,7,,,,,8.75,7.5,
1001016,Olivia,,8,,,,,8.5,8,
1001017,Liam,3.8,6,4.8,,,,5.5,5.75,
1001018,Isabella,9.2,9,7.6,,,,,8.25,
1001019,Lucas,6,,4.8,,,,6.5,5.25,6.75
1001020,Daniel,,5.75,,,,,4.5,7,
1001021,Olivia,2.6,6,1.8,,,,6.25,7,
1001022,Samuel,,6,,,,,7.5,8.5,
1001023,Henry,,5,,,,,6,7.75,
1001024,James,,7.25,,,,,9.75,9.5,
1001025,Amelia,,6,,,,,4.5,4.75,
1001026,Charlotte,,4.5,,,,,9.25,8.5,
1001027,Sofia,,5,,,,,7.75,6.75,
1001028,Harper,,6.25,,,,,7.5,5.25,
1001029,Chloe,8.6,,8.4,7.5,,,,,
1001030,Sofia,2,4,2.8,,,,4.75,4.5,6.75
1001031,Lucas,,4.25,,,,,7,7,
1001032,Olivia,,7.25,,,,,8.25,7.25,
1001033,Elijah,,6.25,,,,,3.75,6.5,
1001034,William,,5,,,,,5.25,6.25,
1001035,Sophia,,7.25,,,,,8,6.75,
1001036,Amelia,,5,,,,,4.5,6.5,
1001037,Emily,,5,,,,,5.5,5.75,
1001038,Samuel,,3.75,,,,,2.5,4,
1001039,Emily,,6,,,,,7.5,7,
1001040,Charlotte,,7,,,,,8,7.5,
1001041,Emma,,5.5,,,,,8.75,8,
1001042,Aiden,,5.25,,,,,3.25,3.75,
1001043,Lucas,,6,,,,,6.5,6,
1001044,Grace,,6.25,,,,,5,7.25,
1001045,Benjamin,8.4,,7.4,,8.25,,,,
1001046,Amelia,,6.67,,,,,5.75,4.75,
1001047,Charlotte,,5.58,,,,,5.25,6.75,
1001048,Jackson,,7.5,,,,,8.5,8,
1001049,Evelyn,,7.25,,,,,7.25,7.75,
1001050,Henry,,7,,,,,7,5.5,
1001051,Noah,,6,,,,,5.75,5.5,
1001052,Samuel,,2,,,,,3,2.75,
1001053,Scarlett,,3.5,,,,,4.5,5.75,
1001054,James,,6.5,,,,,9,8,
1001055,Sophia,8.6,8.5,9,,,,,,
1001056,Olivia,,7.5,,,,,6.25,5.5,
1001057,Evelyn,7,,7.4,7,,,,,
1001058,Henry,,7.25,,,,,6,6,
1001059,Samuel,,6.25,,,,,7.75,7.75,
1001060,William,,4.75,,,,,6.25,8.25,
1001061,Ethan,,4.5,,,,,5.25,6.25,
1001062,Mia,,6,,,,,7.75,7.75,
1001063,Elijah,,6.75,,,,,3,4,
1001064,Ethan,,7.75,,,,,6.25,6.25,
1001065,Sofia,,4.25,,,,,8.5,5.75,
1001066,Evelyn,,7,,,,,8.75,7.75,
1001067,Sofia,,5.25,,,,,7,6,
1001069,Elijah,,6.25,,,,,7,3.5,
1001070,Noah,,6.91,,,,,4.75,6.5,
1001071,Ethan,9,6.25,8.2,8.25,2.75,4.75,,,
1001072,Lucas,8.4,7,9,8.25,6.25,5.75,,,
1001073,Ethan,7,7.75,9,4.5,6,5.5,,,
1001074,Sophia,,6,,,,,9.25,9,
1001075,Emily,9.2,7.25,8.4,7.25,8.25,6,,,
1001076,Henry,6,8.75,9.2,,,,,,
1001077,Henry,8.8,6.5,9.4,9.75,6.5,5.5,,,
1001078,Ethan,9,6.75,8.4,8.25,7.25,6.75,,,
1001079,Liam,9.2,6.5,8.2,5.75,9.5,8.75,,,
1001080,Liam,8.2,7.5,7.2,,,,7.25,7.75,8
1001081,Sofia,7.6,8,8.8,,,,7.25,8.25,8.5
1001082,Ethan,7.4,9,9.2,,,,7.25,8,9
1001083,Scarlett,6.8,5.5,3.6,,,,5.5,7.25,8
1001084,Daniel,7.6,7.5,8.8,3.75,2.5,3.5,,,
1001085,Harper,8.8,8,9.8,6.75,4.75,4.25,,,
1001086,Charlotte,8.6,8,8.2,,,,9,8.25,8.25
1001087,Mia,5.8,8,8.4,,,,7,5.25,7.25
1001088,Mia,7.8,7.5,9,,,,6.75,6.5,8
1001089,Elijah,7.8,8.5,8.4,,,,6.75,5.75,8.75
1001090,Ava,8.4,8,9.6,,,,8.25,7,9.5
1001091,Emily,6,8.5,3.2,,,,10,7.75,8.5
1001092,Samuel,8.2,8,8,,,,6.25,7,8
1001093,Noah,7.2,8.75,7,,,,8,7.75,8.5
1001094,Sofia,8.2,8,7.8,,,,6.5,8.25,8.5
1001095,Mia,7.4,8.75,6.8,,,,7.75,7.25,8.75
1001096,Scarlett,8,9,8,,,,6.25,8,9.25
1001097,William,8.2,7.75,3.8,,,,6.25,6.75,9
1001098,Harper,8.6,7.41,9.4,,,,7,5.75,8.75
1001099,Liam,5.4,8,7.4,,,,9.5,9,9.25
1001100,Charlotte,6.4,7,8.4,,,,9,8.25,9
1001101,Isabella,7.4,6.75,3.4,,,,3,5.75,7.25
1001102,Aiden,6.8,8.75,6.6,,,,6.75,6,6.5
1001103,Aiden,7.8,8.25,7.2,,,,6.75,6.5,8.25
1001104,Aiden,7.6,9,7,,,,7.75,6.5,8.25
1001105,Emma,5,6.5,4,,,,5.75,5,8.75
1001106,Abigail,7.6,7.5,6.8,,,,3,5.5,7.5
1001107,Henry,8.2,8,8.6,,,,8.5,8.25,8.75
1001108,Emily,7.6,7.75,8.4,,,,7.5,6.25,8
1001109,Aiden,7.8,9,8.6,,,,9,7.75,9
1001110,Aiden,7,7.75,6.8,,,,7,8.25,8
1001111,William,7.4,8.25,6.8,,,,6,5.5,8.25
1001112,Sophia,7.8,8.5,9.6,,,,,,
1001113,Samuel,7.2,6.5,5.2,4.5,,,,,
1001114,Ava,8,6.5,7.6,,,,8,6.75,
1001115,Chloe,6,6.75,7.8,,,,7,6.5,
1001116,Amelia,6.6,7.25,6.6,,,,6.5,5,
1001117,Grace,5.4,6.5,9.2,,,,,,8.25
1001118,Ethan,7.2,7.75,6.8,,,,,,
1001119,Mia,7.6,,5.6,7.5,,,,,
1001120,Abigail,2.4,6.5,5.4,,,,4.5,5.75,
1001121,Ava,9.2,,8.4,8,,,,,
1001122,Oliver,7,5.5,7.8,5.5,8.5,2.25,,,
1001123,Isabella,8,6.25,9.2,7.75,4,4.5,,,
1001124,Chloe,6.2,7.25,6.6,5.25,2.5,2.5,,,
1001125,Benjamin,9.2,9,10,8,8.25,8.75,,,
1001126,Jackson,8.4,6.75,,5.75,8,4.5,,,
1001127,Charlotte,6.2,9,,,,,8.75,7,7.75
1001128,Abigail,7.8,7.5,7.2,7,3.75,4.75,,,
1001129,Harper,7.6,7.5,9.2,,,,7.25,5.5,8
1001130,William,8.6,6.75,8,7.75,6.25,5,,,
1001131,Emma,7.8,8.75,8.4,,,,8.75,7.5,8.5
1001132,Liam,7.2,5.75,8.8,6.75,5,5.5,,,
1001133,Liam,7.4,6,8.6,7.5,4.5,2.5,,,
1001134,Evelyn,7,6.75,4.8,,,,5.75,5.5,7.25
1001135,Daniel,8.4,7,8.4,6.25,4.25,3,,,
1001136,Henry,7.8,6.25,7,5.25,7.5,3.5,,,
1001137,Ava,8.4,8,7.8,,,,6,5.5,8.25
1001138,Mia,7.4,7.5,8.6,,,,8,6.25,8.5
1001139,Chloe,8,6,5.8,4.5,5.75,5.25,,,
1001140,Scarlett,8,5.25,8.8,8,8,5.75,,,
1001141,Chloe,6.6,6,8.8,5.25,2.25,3,,,
1001142,Daniel,7.8,6.5,4.6,6.25,4.75,5,,,
1001143,Samuel,5.4,7.5,5,,,,6.5,7,8.5
1001144,Emma,8.8,7,6.6,9.25,8.5,4.5,,,
1001145,Mia,9,7.5,8.2,8,7.5,5.5,,,
1001146,Emily,6.2,7,8.2,,,,6,6.25,7
1001147,Sophia,8.2,5,8.8,6,4.25,5.75,,,
1001148,Chloe,5.6,5.75,3.6,5,6.5,4.75,,,
1001149,Aiden,8.6,6.75,9,9,7,6.75,,,
1001150,Elijah,7.8,5.75,9.8,,,,9.5,7.5,9.25
1001151,Sofia,9.2,5.5,8.8,6,4.25,6,,,
1001152,Liam,8,6.25,9.8,6.75,6.25,4.5,,,
1001153,Emily,7,6,8.2,6,7,4.5,,,
1001154,Elijah,8.6,6,6.2,8.5,7.5,3.5,,,
1001155,Aiden,7,7.25,7.6,,,,7.75,6.25,8.25
1001156,Chloe,7.2,8.5,8.6,,,,7,7,8.25
1001157,Olivia,8.2,6,7.8,7.5,4.5,4.75,,,
1001158,Lucas,8.8,8.75,9,,,,8.25,8.25,8.75
1001159,Ava,6.6,7.75,6.6,,,,5,4.75,7.25
1001160,Harper,8,7.25,6.8,,,,8.75,7.5,9.25
1001161,Liam,8,4.75,8.8,8,6.5,4.75,,,
1001162,Harper,7.4,7.25,8.4,,,,7.25,6.75,8.5
1001163,Jackson,7,6.75,9,,,,8.5,7,9.5
1001164,Daniel,8.2,9,8.8,,,,7.75,6.5,8.75
1001165,Sophia,6.2,7.25,7,,,,5.75,5.25,6.75
1001166,Ethan,8.2,8.75,8.6,8,5,4.25,,,
1001167,Grace,8.6,8,9.6,7.25,4.75,6.75,,,
1001168,Isabella,4.8,7,3.4,,,,4.75,6.5,8
1001169,Scarlett,9.2,7,9.6,9.5,4.5,6.75,,,
1001170,Sofia,7,6.75,8.2,,,,5.5,6.75,6.25
1001171,Abigail,6,5.25,4,,,,5.5,6.75,8.75
1001172,Amelia,7.8,6.5,5,6.25,2.5,4,,,
1001173,Scarlett,5.8,7,7.2,,,,7.75,8.5,7.5
1001174,Evelyn,8.8,7,8.4,7.25,6.25,4,,,
1001175,Grace,9,8,9.4,7,6.5,5,,,
1001176,James,8.6,8.5,9.6,9.25,5.25,3.5,,,
1001177,Benjamin,4,7.5,8.2,,,,6.5,7,7.5
1001178,Ethan,7.2,8,,,,,6.5,6.75,7.75
1001179,Jackson,7.6,7.5,6.4,,,,7.75,6.25,8
1001180,Sofia,7.8,7.75,7.4,,,,5.5,5,7
1001181,Ethan,7.6,5,8.4,,,,5.25,5.75,8.5
1001182,Elijah,8.4,6.75,8.2,6,5.25,3.5,,,
1001183,Sophia,6.2,6,6.8,,,,7.25,6,6.75
1001184,Charlotte,5.6,6.5,5.2,,,,6.25,6.25,7.75
1001185,Daniel,8.6,7.25,7.6,7,8,5,,,
1001186,Elijah,8.4,8.75,9.6,,,,7.25,8,9.25
1001187,Evelyn,7.8,7.5,8.2,5.75,8,4.25,,,
1001188,Evelyn,8.2,8.5,8.4,,,,8,7.25,8
1001189,Liam,7.8,9,8.2,,,,6.5,6.75,8.5
1001190,Isabella,8.4,5.75,9.4,8.75,6,3.5,,,
1001191,Lucas,7.2,6.5,4.6,,,,6.5,7,8.75
1001192,Henry,9.2,7.75,6.8,9.25,8.5,5.25,,,
1001193,James,8.8,8.25,8.8,,,,8.75,7.5,8.5
1001194,Ava,7.8,8,9.2,,,,8.5,6.25,8
1001195,Liam,8.6,7.75,9,,,,8.25,8.25,9
1001196,Liam,8.2,7.5,8.8,7.5,8.25,2.75,,,
1001197,Isabella,8.2,7.5,8.8,,,,6.25,6.25,7.75
1001198,Jackson,8.4,8,8.2,,,,5.5,5.75,7.75
1001199,Grace,8.2,4,7.8,7.25,4.5,4.5,,,
1001200,Oliver,4.8,8.75,4.6,,,,7.25,7.25,8.75
1001201,Emma,6.2,8.75,6,,,,9.25,7,8.25
1001202,Samuel,8,7.75,9,5,8.5,5.5,,,
1001203,Henry,7.2,8.75,8.8,,,,6.5,5.75,8
1001204,Benjamin,7.8,9,9.2,,,,7.75,7,8.25
1001205,Harper,8.2,9,7.8,,,,6,8,8.75
1001206,Lucas,7.6,6,3,6,5.5,4,,,
1001207,Sofia,8.8,8,9.4,,,,8,7.5,9.25
1001208,Aiden,8,8.75,8.6,,,,8.25,8.25,8.75
1001209,Emma,8.2,8,9.2,7.25,5.5,5,,,
1001210,Noah,8.2,6.75,6.8,6.25,8,6.25,,,
1001211,Emma,8.4,9.25,9.2,,,,8.5,7.75,8.25
1001212,Daniel,7.4,7.5,7.2,,,,4,6.25,7.25
1001213,Noah,6,6.5,8.2,,,,8,8.25,8
1001214,William,6,6.5,8,,,,7.75,7,9.25
1001215,Chloe,7.4,7.5,9.6,,,,8.5,6.5,8.75
1001216,Henry,8.4,6.75,6.8,4.25,7.25,3,,,
1001217,Benjamin,7.4,7,8,,,,5.75,6,8
1001218,Ava,8,5.75,6.6,,,,5,6.25,6.5
1001219,Amelia,7.8,6.75,8.4,,,,7.5,7.25,8
1001220,Charlotte,6.2,7.5,5.4,,,,4.75,4.25,7
1001221,Elijah,7.6,6.75,8,,,,6.5,8.25,8.5
1001222,Daniel,8.2,8.5,9,8,8.75,6,,,
1001223,Jackson,8.6,8.25,6.6,,,,7.25,8.75,8.5
1001224,James,8.4,6.75,9.8,,,,8.5,7.5,7.75
1001225,Evelyn,8.2,8,9.4,,,,8.5,8.5,8.25
1001226,Scarlett,7.4,7,5.6,,,,6.75,7,7.5
1001227,Ava,8.4,7.25,9.2,,,,8,8.75,9
1001228,James,7.6,8,6.8,,,,7.5,6.5,8.75
1001229,Emily,7.8,7.5,9,6.25,8.25,6.75,,,
1001230,Grace,7,6.25,5,,,,6,7.25,7.5
1001231,Sophia,7.6,8.5,9.2,,,,6.25,5.25,7.75
1001232,Elijah,8,8.25,9.2,,,,7.5,8.25,8.25
1001233,Henry,8.8,8.75,9,5.25,9,6.25,,,
1001234,Noah,8.2,8.75,8,,,,6.75,6.5,7.75
1001235,Benjamin,8.2,8.25,8.8,,,,5.75,6.25,8.5
1001236,Charlotte,7.8,8.75,7.4,,,,6.25,8.75,8
1001237,William,8.6,8,7.2,7,8,4,,,
1001238,Lucas,8,8,8.6,,,,8,8.75,9
1001239,Sophia,6.6,7.75,5.6,,,,7,5.25,8.5
1001240,Emily,3.6,6.25,,,,,5.25,4.5,8.5
1001241,Isabella,7.2,6.25,8.6,,,,8.5,6.75,8.5
1001242,Liam,7.8,8.5,10,,,,9.25,8,9
1001243,Liam,8.6,8.75,8.6,,,,7,6.25,8
1001244,Aiden,4.6,7.25,3.6,,,,9,7.25,9.25
1001245,Oliver,8,8.5,8.6,,,,6,6.75,7.25
1001246,Benjamin,7.4,8,9,,,,8.75,6.25,8.25
1001247,Grace,8,9,8.4,,,,9,8,8.5
1001248,Emily,8.6,7.75,8.6,,,,7.5,8,9.25
1001249,Sophia,9,8.5,9.2,,,,9.25,7.75,9
1001250,Olivia,8.4,8,9.6,,,,8.5,8.5,8.25
1001251,William,7,7.75,5.6,,,,8.75,8.25,8.25
1001252,Ethan,7.8,6.75,5.4,,,,8.25,8.25,8.75
1001253,Isabella,6.6,8.75,8.8,,,,7,6.75,7.75
1001254,Lucas,8.4,7.75,7.2,8.25,7.25,6.25,,,
1001255,Scarlett,7.8,8,9.2,,,,7.75,8.25,9
1001256,Aiden,8,8.25,7.8,,,,8.5,6.75,7.75
1001257,Isabella,9,7.25,9.4,7.75,3.75,3.25,,,
1001258,Benjamin,8.2,8.5,8.4,,,,8.75,6.5,8.25
1001259,Sophia,4.8,6.5,8.8,,,,6.5,5,7.75
1001260,Jackson,7.4,8.5,8.8,,,,7.75,7.5,8
1001261,Evelyn,9.2,9,9.6,,,,6.75,5.5,7.75
1001262,Oliver,8.2,8.5,8.6,,,,7.75,8,9.75
1001263,Isabella,9.2,4.5,9.4,8.75,4,3.25,,,
1001264,Isabella,7.6,6,5.2,,,,7.5,7.25,8.25
1001265,Isabella,8,7.5,8.6,,,,8.25,7.75,8.75
1001266,Harper,7.6,7,7,6.25,6.25,5.75,,,
1001267,Harper,8,8.25,8.4,,,,8.75,3.25,7.5
1001268,Charlotte,8.2,8.25,6.8,7.5,6.75,6,,,
1001269,Grace,8.6,8,6,3.75,7.25,9,,,
1001270,Charlotte,9,7.25,8.2,,,,7.75,8,7.75
1001272,Isabella,7.2,6.75,9.6,,,,8.25,7.5,7.75
1001273,Samuel,7.6,7.25,8.6,,,,8.5,6.75,7.5
1001274,Elijah,8.4,8,8.6,,,,9,8.75,9.5
1001275,Emma,8.4,6.25,8.2,6,5.25,5.25,,,
1001276,Mia,8.8,7,8.6,8,7.25,5,,,
1001277,Lucas,8,8.25,8.2,,,,6,6.75,7.25
1001278,Olivia,8.2,6.25,9,6.5,3.75,4.25,,,
1001279,Evelyn,3.8,4.75,8.8,,,,7,5.75,7.5
1001280,Mia,8,6.5,7.6,,,,7.5,6,6.25
1001281,Scarlett,7.8,6.75,9.6,,,,7.5,7.75,8
1001282,Scarlett,7.6,7,7.6,7.75,3.5,3.75,,,
1001283,Lucas,8.8,7.5,,,,,5,7.5,7.5
1001284,Samuel,8.4,7.5,8.4,,,,7.5,9,8.25
1001285,Ethan,8.4,3.75,6.2,7,6.75,3,,,
1001286,Isabella,6.6,6,6.8,4,5.25,4.25,,,
1001287,Elijah,7.8,8.75,7.8,,,,9,9,9
1001288,William,6,8.75,6.8,,,,9.25,9,9.25
1001289,Harper,8.4,8.25,,,,,8,7.5,8
1001290,Oliver,8,8,9.6,,,,6.5,6.75,7.75
1001291,William,8,9,7.4,,,,7.75,7.5,8.75
1001292,William,7,8.75,5.8,,,,6,5.75,8
1001293,Oliver,5.4,6,4.2,,,,5,5,7
1001294,Liam,8.4,6.75,8.6,,,,9.5,9,9
1001295,Charlotte,7.6,8.25,7.4,,,,6.75,7.25,9
1001296,Elijah,6.4,6.5,3.4,,,,6.25,5.75,7.25
1001297,Jackson,8.6,7,8.8,7.5,4.25,4,,,
1001298,James,7.2,9,7,,,,7.25,7.25,8.25
1001299,Scarlett,8.2,8.25,8,,,,8.25,7.5,8.25
1001300,Liam,6.6,7.75,5.8,,,,6.25,8.25,8
1001301,Jackson,8,7.75,9.2,,,,7.5,7.75,8
1001302,Aiden,8.4,6.5,8.6,7.25,6.75,2.75,,,
1001303,William,8,8.5,7.8,,,,4.75,7.5,7.25
1001304,Liam,6.2,6.75,5,,,,4.5,5.25,6.25
1001305,Daniel,7.4,7.75,9.2,,,,7.75,8.25,7.75
1001306,Harper,6.8,7.75,7.4,,,,5.75,6.75,8.5
1001307,Charlotte,4.4,7,5,,,,5.75,6,9
1001308,Emily,8.6,7,8.2,7,4.5,4,,,
1001309,William,7.4,8,6.6,,,,6.5,7,8.25
1001310,Oliver,7.2,8,7.8,,,,7,6.5,8
1001311,Emma,8,8,8.2,,,,7,7,7.5
1001312,Aiden,8,7.5,5.2,6.5,6,5,,,
1001313,Jackson,8.4,8.25,8,,,,8.75,8.5,8.75
1001314,Oliver,8.6,7.5,8.4,5.5,8.5,3.75,,,
1001315,Olivia,5.4,7.25,4.4,,,,6.75,7,8.75
1001316,William,7.8,9,8.2,,,,6,4.75,7.5
1001317,Elijah,8.4,8,6.6,,,,7.75,6.5,9.5
1001318,Noah,7.8,7.25,7.4,,,,6.75,6,7
1001319,Scarlett,8,7.25,,,,,7.25,6.75,8.75
1001320,Aiden,7.6,7.25,8.8,,,,7.75,7.75,8.5
1001321,Grace,7.6,7,7,7.5,4.75,2.5,,,
1001322,James,5.4,6.5,8.6,,,,8.75,7.5,8
1001323,Sophia,7.4,6.25,,5,6.5,4.75,,,
1001324,Evelyn,8.8,6.5,9.4,,,,8.25,9.25,9
1001325,Jackson,7.4,6,4.6,7,6.5,4.5,,,
1001326,Scarlett,5.4,8.5,5,,,,7.75,8,10
1001327,Mia,7.4,7.25,6,4,8.25,3.5,,,
1001328,Aiden,6.4,6.75,4.2,,,,4.5,4.5,7.5
1001329,Noah,7.4,6.5,9.2,,,,8,8.5,8.25
1001330,Sofia,8.8,6.75,8,7.5,8,7.75,,,
1001331,Emma,8.4,7,7.4,4.25,8.25,5.75,,,
1001332,William,8.2,4.25,9,,,,8.5,7,8
1001333,Emily,7,6.5,5.6,,,,6.5,6,8
1001334,Emily,8.4,5.5,6,8,8,3.5,,,
1001335,Mia,8,8,6.8,,,,7,6,7.25
1001336,Elijah,6.8,7,7,,,,5.75,5.25,7.25
1001337,Samuel,8,7.25,9,7.25,6.75,6.25,,,
1001338,Ethan,8,6.5,8.4,8.5,3.75,5.5,,,
1001339,Harper,8,7,7.8,6,3,4.25,,,
1001341,Mia,8.2,6,6.6,8,5,4.5,,,
1001342,Scarlett,6.8,7,7.4,7.5,3.5,4,,,
1001343,Ava,7.6,6.5,7.4,,,,6.5,8,8.5
1001344,Charlotte,7.4,6.5,,5.25,4.75,4.25,,,
1001345,Charlotte,8.6,7.75,3.8,8.25,8.5,8.5,,,
1001346,Charlotte,8.8,6.5,9,7.75,5.5,2.75,,,
1001347,Abigail,5.6,7.25,7.2,,,,6.25,8,7.75
1001348,Elijah,4,4.5,4.8,,,,8,7,8
1001349,Henry,4.4,6.25,4.8,,,,7.5,7.5,8.75
1001350,Olivia,8,8.5,9,,,,8.5,7.5,8
1001351,Evelyn,7.8,6.5,8.8,,,,5.75,6.5,7.75
1001352,James,7,3.75,8.2,,,,8,8.25,8.5
1001353,Liam,5.8,8.25,5.4,,,,7,5.5,8
1001354,Sophia,5.6,6.25,6.8,,,,7,6.75,7.25
1001355,Aiden,7.2,7.25,5.4,,,,8.25,7.5,9
1001356,Harper,7.2,4.75,7.8,3.25,5.75,4.25,,,
1001357,Isabella,7.6,5.75,5.8,,,,6.75,6.25,8
1001358,Chloe,7,7.25,,,,,6.25,5.75,7.75
1001359,Mia,8.8,8.5,9.2,,,,7.75,6.75,9
1001360,Samuel,6.8,8.5,8.4,,,,6.75,8,8.25
1001361,Abigail,8,8.5,9.8,,,,7.75,8,8
1001362,Chloe,6.6,7,7.6,,,,7.75,6.5,7.5
1001363,Samuel,8.8,6.5,7.4,8,5.25,4,,,
1001364,Sofia,6.8,6.5,5.8,,,,7.5,6.5,7.75
1001365,William,8,6,7.4,8.75,5.5,4.5,,,
1001366,Samuel,8.2,8.25,9,,,,9,9,8.75
1001367,Scarlett,7.6,6.25,6,6,3.5,2.75,,,
1001368,Emily,7.6,7.75,9.4,,,,8,7.75,9
1001369,Grace,7.6,8,7.2,,,,8.25,7,8.75
1001370,Emily,4.4,6,4.8,,,,5.25,5.5,7.75
1001371,Olivia,8,7.5,9,,,,7.75,8,8.25
1001372,Amelia,4.4,3.5,2.6,,,,5.5,4.5,7.5
1001373,Aiden,8.4,7.75,7.4,7.75,5.5,3.75,,,
1001374,Grace,5.4,5.75,3.4,,,,5.75,5.5,8
1001375,Isabella,8,7.75,9.4,,,,7.75,5.5,8.5
1001376,Emma,7.2,8.5,7.2,,,,6.5,7,8
1001377,Olivia,8.4,8.5,8.4,,,,8,7.25,8.5
1001378,Henry,7.4,8,8.8,,,,6.75,7.5,9.5
1001379,Emma,7.6,8.75,7.4,,,,7.25,8.25,8.5
1001380,Benjamin,7.2,8.5,9.4,,,,6,7,8
1001381,Elijah,8.2,8.5,5.6,7,7.25,4.75,,,
1001382,Emma,8.2,8,7.8,7.75,1.25,3.5,,,
1001383,Aiden,8,7.5,4.8,,,,7,7.75,9.25
1001384,Evelyn,8.6,6,8.6,5.75,8.5,5.5,,,
1001385,Scarlett,8.2,8.75,7,7.25,8.75,7.25,,,
1001386,Jackson,7.8,7.25,5.4,4.25,3.75,3.25,,,
1001387,Samuel,6.6,7.75,8.2,,,,5,4.5,6.75
1001388,Henry,8.8,7,,7.5,6.75,3.75,,,
1001389,Emma,6.8,8.25,8.2,,,,7.25,6.25,9.25
1001390,Aiden,6.4,8,5,4.75,5,3.5,,,
1001391,Sophia,6.6,8,,,,,5.75,6.25,8.25
1001392,Benjamin,7.8,8,7.2,,,,6.75,6.5,8.25
1001393,Emma,8,7,7.6,,,,8,5.75,7.75
1001394,Henry,4,6.75,3.2,,,,4.75,4.5,7.5
1001395,Oliver,8,5.25,3,6.75,6.25,4.25,,,
1001396,Ethan,9,6,8.8,7.75,7.25,5.25,,,
1001397,Liam,8.4,7.75,9.6,,,,7.75,7.5,7.75
1001398,Benjamin,7.6,6.25,8.4,,,,7.5,7.5,8.5
1001399,Grace,7.6,7.5,7.2,,,,8.25,7,7.25
1001400,Liam,8.4,9.25,9.2,,,,8.75,7.5,9
1001401,Samuel,3.6,8.25,7.8,,,,8.75,9,8
1001402,Elijah,9,7.75,8.2,,,,7.25,7.75,6.75
1001403,Harper,8,8,8.8,,,,7,7.5,9.5
1001404,Elijah,7.6,3.75,8.6,5.75,4.25,5.25,,,
1001405,Henry,6.6,8.25,6,,,,8,6.75,8.25
1001406,Elijah,7.2,7.5,8.8,,,,7.25,6,8.75
1001407,Ava,7.6,6.75,4.8,,,,6.75,6,7.75
1001408,Liam,7.2,6.75,7.2,,,,8,7,9
1001409,Daniel,8.8,8.5,8.8,,,,7.5,7,9
1001410,Liam,2.4,,,3,2.75,,,,
1001411,Scarlett,3.2,3.75,,,,,7.25,,
1001412,Isabella,4.8,5,,,,,5.75,7.25,
1001413,Aiden,2,1.75,,,,,4.75,6,
1001414,William,5,6.75,,,,,9,6.5,
1001415,Isabella,3.6,4.25,,,,,6,6.75,
1001416,Oliver,8.4,,,,8,8.75,,,
1001417,Oliver,8.2,,,,9.25,8.5,,,
1001418,Benjamin,6.4,,,4,8.75,5.5,,,
1001419,Liam,6.6,5,,,,,4,6.25,
1001420,Oliver,6.2,6.5,,,,,8.25,6.75,
1001421,Grace,7,5.5,,,,,7.75,8,
1001422,Henry,6,5.25,,,,,6,5.75,
1001423,Aiden,5.8,6,,,,,7.75,6.75,
1001424,Henry,5,5,,,,,3,5,
1001425,Isabella,8,7.5,,,,,9,,
1001426,Emily,4.8,5.5,,,,,7.25,5.75,
1001427,Daniel,8,7,,,,,8,8.5,
1001428,Harper,7.4,6.25,,,,,5.75,6.5,
1001429,Harper,2.8,,,3.25,3,,,,
1001430,Henry,6.2,5.75,,,,,3.75,7.25,
1001431,James,4,6.75,,,,,3.75,6.75,
1001432,Noah,4,8,,,,,5.75,6,
1001433,James,4.6,6.75,,,,,5.75,5.5,
1001434,Isabella,5.4,6.5,,,,,6.5,6,
1001435,Sofia,5.4,8,,,,,2,6.25,
1001436,Harper,6.6,7.5,,,,,6.25,5.5,
1001437,Elijah,7.4,7,,,,,7,6,
1001438,Aiden,5.8,7.25,,,,,5.25,6,
1001439,Charlotte,3.8,5,,,,,4,6.5,
1001440,Emma,7.4,5.5,,,,,8,7.75,
1001441,Charlotte,4.2,5.25,,,,,4.25,6.5,
1001442,Scarlett,2,3.5,,,,,4.75,7,
1001443,Sofia,3.6,4.25,,,,,3.75,6.25,
1001444,Henry,2.6,5.25,,,,,3.5,6.25,
1001445,Emma,3,4.5,,,,,4,6.75,
1001446,Liam,7.8,,,2.75,8.75,8,,,
1001447,Sophia,2.8,4.25,,,,,3.75,4.75,
1001448,Evelyn,6.6,5.75,,,,,9.5,,
1001449,Mia,2.2,3.5,,,,,2.75,3.5,
1001450,Henry,6.8,,,4.25,5.75,,,,
1001451,Henry,8.2,7.25,,,,,8.25,6.75,
1001452,Amelia,3.4,7.5,,,,,5.75,4.25,
1001453,Harper,2.6,4.5,,,,,4.75,5.25,
1001454,Amelia,7.4,5.75,,8.25,6.25,3.25,,,
1001455,Oliver,2.6,4.75,,,,,8.25,6.75,
1001456,Emma,7,4.75,,,,,6,7.5,
1001457,Lucas,5.2,6.25,,,,,6.75,7.25,
1001458,Grace,3.2,6,,,,,,,
1001459,Harper,3.8,5.25,,,,,2.75,6,
1001460,Aiden,6.2,5.5,,,,,5.75,5.75,
1001461,Ethan,2.2,4.75,,,,,9.25,9.25,
1001462,Ethan,9.2,6.75,,,,,8.5,8.25,
1001463,Mia,4.4,5.25,,,,,6,,
1001464,William,1.8,3,,,,,5,6.25,
1001465,James,8.2,,,8.75,7.5,,,,
1001466,Grace,6.6,6.5,,,,,5.75,,
1001467,Henry,7.6,,,8.5,8.5,,,,
1001468,Olivia,5,5,,,,,2.75,4.5,
1001469,William,2.4,5.25,,,,,5.25,5.25,
1001470,Benjamin,9.2,,,8,9.25,,,,
1001471,Lucas,5.8,6.5,,,,,7.5,7.25,
1001472,Oliver,7.2,7.5,,,,,8.75,8,
1001473,Emily,3.2,6.25,,,,,6.5,6.75,
1001474,Samuel,5,6.25,,,,,7,5.75,
1001475,Benjamin,7,,,5,5.5,,,,
1001476,Daniel,3.4,,,3.5,3.75,,,,
1001477,Grace,7.2,,,8,8.5,,,,
1001478,Aiden,3.4,5.75,,,,,3.5,,
1001479,Elijah,3.6,1.5,,,,,3.5,4.5,
1001480,Mia,7.8,,,8.5,8,,,,
1001481,Scarlett,3,5,,,,,4,5.5,
1001482,James,5.6,,,5,6.75,,,,
1001483,Mia,8.2,,,7.5,7,,,,
1001484,Sofia,6.6,,,4,3.5,,,,
1001485,Daniel,4,5,,,,,4.25,5.5,
1001486,James,2.6,5.5,,,,,7,6.25,
1001487,Lucas,5.4,6.5,,,,,6.75,4.5,
1001488,Amelia,5.8,,,5.5,2.75,,,,
1001489,Olivia,3.2,4.5,,,,,5.75,4.5,
1001490,Oliver,4.6,6.25,,,,,8.25,7,
1001491,Elijah,3.8,,,1,3.75,,,,
1001492,Sofia,2.8,3,,,,,3.5,,
1001493,Isabella,6.2,5.5,,,,,8.25,,
1001494,Sofia,7.4,7.25,,,,,7,,
1001495,Evelyn,5,5.25,,,,,7.25,7.75,
1001496,Mia,4.6,6.5,,,,,4.25,6.25,
1001497,Emily,3.8,5.25,,,,,5,5.5,
1001498,Charlotte,3,6.5,,,,,4.25,5.5,
1001499,Noah,,6.25,,,,,4.25,4.5,
1001500,Samuel,3.4,3.75,,,,,5.25,,
1001501,Ava,7.8,,,7.25,7,,,,
1001502,Sofia,,5.5,,,,,7.25,6.5,
1001503,Olivia,,5,,,,,7.5,8,
1001504,Harper,,7.5,,,,,10,9.25,
1001505,Grace,,5.5,,,,,7,7.75,
1001506,Mia,7,6.75,,,,,6,,
1001507,Chloe,5.8,6.25,,,,,7.25,6,
1001508,Abigail,6.2,,,4,2.5,,,,
1001509,Daniel,7.4,,,6.5,6,,,,
1001510,Mia,,3,,,,,3.75,4.5,
1001511,Oliver,4.4,4.25,,,,,4.5,4,
1001512,Isabella,5.4,4.25,,,,,5.75,6.5,
1001513,Ava,8.6,7,6.6,6.5,3.75,4.25,,,
1001514,William,7.6,7.75,7.2,5.75,9,7.25,,,
1001515,Lucas,8.8,7,6.6,7,6.25,4,,,
1001516,Henry,8.8,7.25,9,5,9,4.75,,,
1001517,Charlotte,5.8,7.25,7,,,,6.25,6.25,8.25
1001518,Abigail,7.4,6.75,8.8,7.5,5.5,6,,,
1001519,Liam,7.4,8.25,8.6,,,,7.75,6,7.25
1001520,Grace,8,7.75,8.2,,,,8,8.25,9
1001521,Grace,4.4,7,3.6,,,,8.25,7.25,9.25
1001522,Henry,8.4,9,8.6,,,,8.75,7.5,8.5
1001523,Daniel,6,7.75,7.2,,,,7,7.25,8
1001524,Aiden,7.2,6,9.4,,,,9,6.5,9
1001525,Noah,6.4,7.25,6.8,,,,5.5,7.25,8.25
1001526,James,6.8,6.5,4.4,,,,3.75,7.25,9.25
1001527,Chloe,2.4,4,,,,,5,4.25,
1001528,Amelia,6.8,8.25,5.8,,,,5.5,5.25,6.5
1001529,Noah,3.6,6,3.8,,,,5,6.5,6.25
1001530,Lucas,7.6,8,9.4,,,,8,7.75,8.75
1001531,Lucas,7.4,7.75,5.4,,,,8.75,6.5,9
1001532,Ethan,6,7.75,9.8,,,,6,6,7.75
1001533,Jackson,8.4,8.75,9.6,,,,8.25,7.25,7.5
1001534,Ava,9,7.75,8.6,7.5,9,8.25,,,
1001535,Lucas,8.8,8.5,7,,,,7.75,6,7.5
1001536,Henry,8,,,2.75,6.75,6.75,,,
1001537,Noah,7.8,6.75,5.4,8,2.75,3.25,,,
1001538,Ava,8.4,7.5,9.4,8.75,5.75,6,,,
1001539,Daniel,,8,,,,,,,
1001540,Liam,8.6,8,9,8,6,4.75,,,
1001541,Isabella,7.6,7.75,7.8,7.5,3.5,4.75,,,
1001542,Emily,8.4,6.75,4.2,4.25,7.5,6.5,,,
1001543,Grace,7.6,6.5,7,6.5,7.25,3.75,,,
1001544,Evelyn,,6,,,,,10,9.5,
1001545,Benjamin,8.2,7.25,8.6,6.5,4.5,4.25,,,
1001546,Benjamin,8.2,7.25,7.8,6,7.5,7,,,
1001547,Elijah,,5.75,,,,,7.25,6.75,
1001548,William,8.2,,,5,7,,,,
1001549,Ethan,8,7.5,,,,,9.5,,
1001550,Harper,,8,,,,,9.75,8.75,
1001551,James,,6.25,,,,,9.75,9.25,
1001552,Henry,7.2,7.5,7.6,6,7.5,5.75,,,
1001553,Emily,6.8,6,7.2,2,7.25,3.25,,,
1001554,Benjamin,8.4,6,7.8,8.25,3.75,5.75,,,
1001555,James,,5.25,,,,,8.25,7.75,
1001556,Emily,2.6,2.5,,,,,4,6.25,
1001557,Emma,,3,,,,,2,1.5,
1001558,Mia,,6.5,,,,,8,7.25,
1001559,Evelyn,7.8,,,,7,6.25,,,
1001560,Samuel,7.8,6.75,,,,,7.75,,
1001561,Liam,,6.25,,,,,7.75,6.75,
1001562,Emma,4.8,6.75,,,,,7,,
1001563,Jackson,7,6.25,,,,,5.75,6.75,
1001565,Jackson,,5.5,,,,,2.5,4.5,
1001566,William,7.4,7.25,,,,,8.75,4.75,
1001567,James,,6.25,,,,,8,7.25,
1001568,Henry,6.4,3.25,,,,,8.25,,
1001569,Daniel,7.8,7.25,,,,,8.25,8.5,
1001570,Scarlett,8.6,,,7.25,8.5,,,,
1001571,Noah,,6,,,,,5.75,6.75,
1001572,Harper,,6,,,,,8.25,7.75,
1001573,Henry,,6.25,,,,,3,6.25,
1001574,Mia,,2.25,,,,,7,8.25,
1001575,Aiden,,7.75,,,,,9,7.25,
1001576,Harper,,4.5,,,,,4.75,5,
1001577,Grace,5,3.75,,,,,7,6,
1001578,Ethan,,5.25,,,,,4.5,4.75,
1001579,Ethan,6.2,5.75,,,,,6.5,,
1001580,Isabella,,7.75,,,,,8,7.75,
1001581,Aiden,,5.25,,,,,5.5,7.25,
1001582,Benjamin,,4.25,,,,,7.5,7.25,
1001583,Abigail,3.4,4.25,,,,,3,3.75,
1001584,Sofia,,6.5,,,,,7.75,5.5,
1001585,Abigail,,7.25,,,,,5,7,
1001586,Sofia,,7.25,,,,,7.5,5.75,
1001587,Harper,,7.5,,,,,8.25,8,
1001588,Sofia,8.2,,,,8,7.5,,,
1001589,Emma,5,6,,,,,7,6.75,
1001590,Daniel,6.6,6.75,,,,,6,6.25,
1001591,Abigail,,4,,,,,5,6.25,
1001592,Aiden,2.8,6,,,,,4.25,4.75,
1001593,Harper,,7,,,,,8.5,7,
1001594,Grace,8,,,7.5,7.75,,,,
1001595,Amelia,,5.75,,,,,8,7.5,
1001596,Olivia,,6.5,,,,,8,8,
1001597,Lucas,2.8,2,,,,,5.5,6.75,
1001598,Emily,,1.75,,,,,6.25,6,
1001599,Mia,8.8,,,7.75,7.5,,,,
1001600,Charlotte,8.4,,,,7.5,7.5,,,
1001601,Mia,8.2,7.5,,,,,8.75,,
1001602,Jackson,4,4.25,,,,,6,5,
1001603,Elijah,8,7.5,9.2,6.75,4.5,6.25,,,
1001604,Liam,5.6,7.5,4.4,6.25,6,4,,,
1001605,Jackson,8.4,7.5,8.2,6.25,5.75,4.25,,,
1001606,Ethan,8.6,6.5,9.2,,,,8.25,7.75,8.5
1001607,Aiden,9.4,5.75,3.8,9.25,9.25,4.75,,,
1001608,Isabella,5.8,5.5,5.6,,,,5.75,6,7.25
1001609,Sofia,8.6,8,8.2,8.25,6.25,4.75,,,
1001610,Isabella,7.4,7.25,8.6,,,,7.5,7.5,8.25
1001611,Elijah,7.8,8.25,9,,,,5,7,9
1001612,Isabella,8.2,7.5,3,7.25,4.25,2,,,
1001613,Evelyn,8.6,8.25,8.6,8,5.75,5,,,
1001614,Olivia,8.4,7,8.6,,,,7.25,5.5,8
1001615,Oliver,5.8,5,8.2,,,,6.25,6.5,7.25
1001616,Samuel,7.4,8.5,9,,,,7.5,6.25,8.25
1001617,Liam,8.6,6.75,7.6,8,8.5,4.5,,,
1001618,William,7,7,9.2,,,,5.25,7.5,8.5
1001619,Aiden,3.8,4,1.6,,,,5,7,6.75
1001620,Scarlett,7.2,7.25,7.4,,,,7.5,6.5,7.75
1001621,William,7.6,6.5,7.8,,,,7.25,7.25,8
1001622,Chloe,8,6.25,7.2,8,5,4.5,,,
1001623,Daniel,8.2,5.5,6.2,6.75,8,4.75,,,
1001624,Henry,8,7.5,8.2,,,,7.25,6.75,6
1001625,James,6.4,6,5.8,6.25,7.25,4.25,,,
1001626,Samuel,4.8,8.25,7.8,,,,8.25,6.75,7.75
1001627,Emma,7.2,8.25,8,,,,5.75,6.5,7.5
1001628,Jackson,8.4,8.25,8.8,,,,9,7.75,8.75
1001629,Amelia,8.4,7.75,8,,,,1.5,5.75,5.25
1001630,Liam,8.4,7.25,9.4,,,,7.75,7.25,8.25
1001631,Scarlett,8.2,7.5,6.8,,,,6.75,6,7.75
1001632,Isabella,7.2,8.5,8.2,,,,8.25,7.75,8
1001633,Noah,8.6,6.75,5.2,7.75,8.25,3.5,,,
1001634,Henry,7.4,6.75,8.6,,,,7.75,6.25,8.5
1001635,Emily,8.8,7.5,7.4,,,,5,6.75,7.5
1001636,Mia,9,6.25,7.6,8.25,5,3.75,,,
1001637,Emma,7.6,7.5,8.4,,,,7.75,8,8.25
1001638,Oliver,9.4,4.5,8.2,8.75,9,4.75,,,
1001639,Sofia,8.6,5.75,5.8,7,7.5,4.25,,,
1001640,Benjamin,8,7.75,8.6,,,,7.5,6.75,8
1001641,Evelyn,8.2,8,7.2,,,,8,8,8.25
1001642,Chloe,6.6,7.25,5.4,,,,7.5,6,8.75
1001643,Mia,9.4,6.5,9.4,9.25,5.5,4.5,,,
1001644,Benjamin,8.4,7.75,8.2,,,,7.5,7.5,8.75
1001645,Sofia,9.8,5.5,8.8,9.25,5.75,3.25,,,
1001646,Scarlett,9,6,7.2,,,,7.5,6.25,7.75
1001647,Isabella,7.8,7.25,6.2,,,,6.75,6.25,8.5
1001648,Ethan,8,7.25,5.6,,,,3.75,6.5,8
1001649,Charlotte,5.2,6,4.4,,,,7.75,7.25,7.25
1001650,Oliver,7.4,7.25,9.8,7,5,3.25,,,
1001651,Ava,4.2,7.5,7.4,,,,6.25,7.75,8
1001652,James,7.6,8,3.2,,,,8.25,6.75,9
1001653,Jackson,6.2,7.75,7.8,,,,7.25,6.5,8.5
1001654,Evelyn,7.4,6.75,9.2,,,,8.5,8.25,8.5
1001655,Emily,8.2,8.25,8.6,,,,6.5,7.25,7.5
1001656,Amelia,8.6,6.75,8.4,8,4,4.5,,,
1001657,Jackson,8.6,9,8.6,,,,8.25,8.25,8.25
1001658,Olivia,7.6,7.25,8.4,,,,7.75,7.75,8.5
1001659,Grace,8.4,4.25,7.8,,,,5.5,5.75,7.5
1001660,Evelyn,9.4,6,9.2,9,2.5,4.5,,,
1001661,Emma,7.2,7.25,3.4,,,,6,6.25,7.75
1001662,Jackson,7.6,7.75,8.8,7.75,5.25,5.5,,,
1001663,Mia,8.8,7,8.6,8,3.75,5.75,,,
1001664,Aiden,3.8,3.75,4.4,,,,6.25,5.75,8.25
1001665,Charlotte,8.4,5.75,9,5,5.25,3.5,,,
1001666,Grace,8,7,9,,,,7,6.5,8.5
1001667,Ethan,9.2,5.5,7,9.5,8.25,5.25,,,
1001668,Grace,8,5.75,8.2,7,5.25,4.25,,,
1001669,Jackson,8.8,6,8.6,8.25,7.5,4.75,,,
1001670,Ethan,7.6,7.75,8.8,,,,8,6.25,8
1001671,Noah,7.8,7.5,9.6,7.5,4.5,3.25,,,
1001672,Ethan,7.6,7.75,8.2,,,,8.5,7.25,8.75
1001673,Liam,5,8.25,8.2,,,,8.75,9,8.75
1001674,Amelia,7,8.25,9,,,,7,7,7.5
1001675,Jackson,8.8,8,9,,,,7.5,7,8.5
1001676,Grace,7.6,7.75,7.2,,,,8.75,8.5,8.25
1001677,Benjamin,8,9,8,,,,6.75,5.5,8
1001678,Scarlett,8,9,8.6,,,,8.5,8,9.5
1001679,Samuel,8.8,8.5,8.2,,,,8,8.75,9.25
1001680,Grace,6.6,8.25,7,,,,6.25,6.75,9.25
1001681,Benjamin,8.4,8.25,9.2,,,,7.75,6.75,8.5
1001682,Oliver,7.8,7.5,8.8,,,,7.75,6.25,8.5
1001683,Ava,7.2,7.5,9.2,,,,8,8,9
1001684,Aiden,4,7.5,5.2,,,,5.75,4.75,9
1001685,Noah,8.2,8,7.8,7.75,5.5,6,,,
1001686,Henry,7.8,8.25,6,6.25,7.25,3.5,,,
1001687,Henry,7.8,8.5,7.2,,,,7.5,7.5,7.75
1001688,Charlotte,8.4,4.25,8,6.75,2.5,5,,,
1001689,Abigail,7.6,7,8,,,,8.75,8.5,9.75
1001690,Chloe,6.8,9,9,,,,9.75,9,9.5
1001691,Abigail,5.6,6.5,8,,,,5.75,6.5,8.25
1001692,Sofia,8.6,7.25,8,,,,5.5,7.75,7.75
1001693,Liam,7,7.25,5.8,,,,7,6.25,7.75
1001694,Liam,8.4,7.25,8,6,7.75,5.25,,,
1001695,Ava,4.4,7.5,9.4,,,,7.5,6,8
1001696,Evelyn,6,9,7.4,,,,9,7.75,8.5
1001697,Isabella,8.8,7.75,7.6,,,,6.25,7.25,8.25
1001698,Charlotte,7.6,5.5,8.4,7.5,2,2.5,,,
1001699,Henry,6,6.5,4,,,,7.5,7.5,8.5
1001700,Grace,6.6,6,5,4,6.5,4.75,,,
1001701,Sofia,7.4,6.75,6,6.25,8.5,8.75,,,
1001702,Henry,7,6.5,2,,,,7,6.75,8.25
1001703,Evelyn,8.6,8,9,,,,7,8,6.75
1001704,Emma,7.8,6.25,7.2,6.5,4.25,2,,,
1001705,Jackson,7.8,6.5,8.2,,,,8.25,7.5,8.5
1001706,Jackson,6.6,7.25,7.4,,,,5.25,6,8
1001707,Evelyn,8.2,5,9,,,,6.75,6.75,7.75
1001708,Henry,8.6,9,9.2,,,,8.25,7.25,9
1001709,Oliver,8.8,7,7.6,8.5,4.25,2.25,,,
1001710,Scarlett,8.4,7.75,9,6.75,4.5,5.25,,,
1001711,Benjamin,7.6,8.25,9.4,,,,8.25,7.25,8
1001712,Jackson,8.4,7.25,6.8,7.75,4.5,3.5,,,
1001713,Sophia,7.6,7.5,7.8,,,,8,7.5,8.25
1001714,Ava,5,5.25,4,,,,5,5.75,8.25
1001715,Ava,7.2,8.75,8.6,,,,6.75,5.75,7.25
1001716,Sofia,7.6,8,6.4,,,,6.5,6.25,8
1001717,Emily,7.2,8,6.8,,,,6.25,6,6.5
1001718,Jackson,8,8.5,8,,,,7.75,7,8.25
1001719,Amelia,8,9,9,,,,7.75,8.5,8.75
1001720,Jackson,6.6,7.75,6.8,,,,5,4.25,7.75
1001721,William,6.8,7.5,8.6,,,,5.75,6.5,8.25
1001722,Liam,8,8.25,9,,,,9,8.25,9.25
1001723,Lucas,7.8,8.5,7.8,,,,7.5,8,9
1001724,Harper,6.2,7.25,3,4.25,6.5,5.25,,,
1001725,Lucas,8.6,8.25,8,,,,6.75,8,9
1001726,Charlotte,7.8,6,6.6,6,3.25,4.25,,,
1001727,Chloe,6,7.5,8.8,,,,7.75,7.75,7.75
1001728,Daniel,5.8,6,2.6,,,,4.5,5.75,7
1001729,Scarlett,8.6,3.5,8.6,5.25,2,3.5,,,
1001730,Emily,5,7,6.4,,,,6.5,7.75,8.25
1001731,Jackson,8,6.5,8.6,7,4.5,4,,,
1001732,Scarlett,8.2,7.75,8.6,,,,5.5,6.75,7.75
1001733,Evelyn,6.8,5.5,5.2,4.5,6.75,3.5,,,
1001734,Chloe,4.8,6,7.8,,,,6,4.75,6.25
1001735,Ava,3.8,6.5,7.2,,,,8.25,6.25,9
1001736,Amelia,4.8,6.5,7.2,,,,7,4.75,8
1001737,Liam,7.4,4.5,9,5.75,6.25,6.25,,,
1001738,James,8.8,9,9,,,,9,7.75,8.5
1001739,Lucas,8,7.75,5.8,,,,6.75,7.25,8.25
1001740,Lucas,4.2,6.75,3.4,,,,7.5,6,7.75
1001741,Oliver,8.8,8.25,9,,,,9.5,8,8.25
1001742,Evelyn,5.8,8,8.2,,,,6.5,6,7
1001743,Olivia,7.4,6.5,5.8,7,8.5,2.5,,,
1001744,Emily,6.6,8.75,8.6,,,,8,7.75,9.25
1001745,Mia,8.2,8,9,,,,8,6.25,8.5
1001746,Elijah,7.6,8.25,7.6,,,,5,7.5,7.75
1001747,Scarlett,5.6,7.75,7.4,,,,7.25,7.5,9
1001748,Lucas,7.6,8,6.8,,,,5,4,7.25
1001749,Noah,7.2,8.25,6.6,,,,7,7,8
1001750,Mia,8.6,8.25,8.6,9.5,9,6.75,,,
1001751,Scarlett,7,5.25,9.4,,,,6.25,7.75,8.5
1001752,Aiden,7.6,8.75,8.2,,,,6.25,7,8.5
1001753,Emma,6.2,9,4,,,,9.25,8,7.75
1001754,Evelyn,8.6,8.75,8.8,8,4.5,5,,,
1001755,Olivia,8,8,9.4,,,,5.75,7,8.5
1001756,James,8.2,7.25,8.2,5,8,4,,,
1001757,Emma,7,9.25,7.8,,,,10,9.25,9.25
1001758,Elijah,7.6,6.75,8.6,,,,6.5,5.25,7.5
1001759,Scarlett,9.4,6.75,9.6,8,5.75,4.75,,,
1001760,Ava,7.4,8,7.6,,,,6,5.5,8.5
1001761,Oliver,8.8,7,8,8,5.5,4.75,,,
1001762,Sophia,8,6.75,9.2,,,,8.25,8.25,8.5
1001763,Emily,9.2,6,6.6,8,8,4,,,
1001764,Chloe,9,8.75,7.6,,,,8.5,8,9.5
1001765,William,8.4,7.5,9.2,,,,8,8.25,8.75
1001766,Charlotte,8,7.75,9.4,,,,6.75,8.25,7.5
1001767,Benjamin,9,6.25,8.6,5.25,9,3,,,
1001768,Aiden,8.4,8.75,9.4,,,,8.5,7.25,8.5
1001769,Scarlett,8.8,8,7.6,6.75,4.75,2.75,,,
1001770,William,8.4,5.75,9,7.75,4.25,3.25,,,
1001771,Samuel,7.8,8,7,,,,7.75,6.25,8
1001772,Harper,7.6,7.5,8,,,,5.5,5.5,7.75
1001773,Benjamin,8.4,6.25,5.8,7,8.75,4.25,,,
1001774,Henry,3.2,6.5,3,,,,5.75,5.25,7.25
1001775,Charlotte,7.8,7.25,7.2,6.5,5.25,2.75,,,
1001776,Isabella,6.8,8,4.6,,,,9,8.75,8.25
1001777,Emma,6.8,7.5,6,,,,4.5,4.75,6
1001778,Oliver,5.8,8,8.6,,,,8.25,7.25,7.75
1001779,Emily,8.4,5.75,7.6,8.25,3.5,5.5,,,
1001780,Harper,8.8,4.5,8.8,9.25,8,7.5,,,
1001781,Jackson,7,5.75,6.4,,,,6.5,6,8
1001782,Ava,7,8,7.2,,,,7.75,7.75,9.25
1001783,Sophia,6.6,6.75,8.4,,,,5,5,6.5
1001784,William,7.4,7,6.4,,,,6.25,7,8.25
1001785,Evelyn,8.8,6.75,8,9,4,5,,,
1001786,Emily,8.4,6.75,9.2,7.75,5,4.25,,,
1001787,Harper,7.6,6.5,7.2,5.5,4.5,4.75,,,
1001788,Grace,7.4,7,6.6,6.75,4,3.25,,,
1001789,Abigail,8,7.5,6.8,,,,7.5,8.25,8.5
1001790,Lucas,8.4,6.25,7.4,4.75,4,4.25,,,
1001791,Sofia,5.4,7.25,9.2,,,,6.75,7.5,8
1001792,Amelia,7.8,8,6.6,,,,7.25,6.5,7.25
1001793,Elijah,8.4,6,8.8,9,4.25,4.75,,,
1001794,Isabella,9.4,6.5,8.2,8.75,7.5,6,,,
1001795,Benjamin,8,7.5,9.2,,,,8,7.25,8.5
1001796,Harper,8.4,6.75,6.4,7,4.5,5.25,,,
1001797,Emily,8.2,6,8,5.5,4.25,4,,,
1001798,Charlotte,9,8,8.2,,,,8,8.5,7.25
1001799,Oliver,8.2,8.75,8.6,,,,7.75,6,7.25
1001800,Liam,4.6,7.75,6.6,,,,7.5,6.5,9.25
1001801,William,8.4,7,5.4,7.5,8.25,2.25,,,
1001802,Liam,8,9,8.6,,,,5.75,6.75,6.5
1001803,Sophia,7.6,8.75,9.4,,,,8.75,8.75,8.5
1001804,Samuel,7.6,7.25,6.6,6.25,4.5,3.25,,,
1001805,Ava,5.4,7,5.6,,,,7.75,5.5,7.5
1001806,Charlotte,8.8,7.5,8,9.25,4.5,4.25,,,
1001807,Amelia,8.4,9.25,9.4,,,,7,7,8.25
1001808,Oliver,6,8,7.6,,,,7.25,7,8
1001809,James,7.2,8.25,7.8,,,,7.5,6.5,8.5
1001810,Amelia,8.6,9.25,9.8,,,,7,8.75,7.75
1001811,Charlotte,7,5.75,8.4,5.25,4,4,,,
1001812,Aiden,8.8,9,8.6,,,,8,8,9
1001813,Chloe,7.8,8.5,9.2,,,,8.25,7.75,8.75
1001814,Lucas,8.8,7,8.6,8.5,5.25,4.75,,,
1001815,Mia,6.8,8.25,7.6,,,,10,9.25,9.25
1001816,Elijah,6,8,6.6,,,,7.25,5.5,8.75
1001817,Grace,8.4,6,4.4,8.5,7,3.25,,,
1001818,Evelyn,7.2,7.5,9.6,,,,6.75,7.5,7.25
1001819,Isabella,7.4,7,9,,,,6.75,6.75,8
1001820,Ethan,4.6,5,4.4,,,,4.25,6,7.75
1001821,Evelyn,7.8,5.75,8.6,6,4.75,4.75,,,
1001822,Amelia,6.8,7,8.4,,,,6.5,5.25,7.25
1001823,Grace,8.4,5.5,8.2,,,,6.25,6.75,7.5
1001824,Sophia,4,5.75,3,,,,5.75,6,7.75
1001825,Emily,7,5.5,5.8,,,,8.75,7.25,8.25
1001826,Ethan,5.6,5.75,9,5.5,3,4.25,,,
1001827,Oliver,8.8,7.5,9.8,8.25,8.5,7,,,
1001828,Samuel,8.4,7.75,8.4,,,,7,7.25,8.75
1001829,Samuel,7.6,8.75,8.8,,,,8.5,7.5,8
1001830,Lucas,7.6,7,9,,,,7.75,8.75,7.5
1001831,Oliver,9,6,5.8,7.25,6.25,4.75,,,
1001832,James,8,5.5,8,7,4.5,4,,,
1001833,Aiden,7.4,7.75,8.4,4.5,7.5,5.25,,,
1001834,Scarlett,5.4,8.75,4.2,,,,9.75,8.75,8
1001835,William,8.4,5.5,6.4,4.5,8.75,4.75,,,
1001836,Scarlett,8.8,7.25,7.6,9.25,8.5,6,,,
1001837,Charlotte,9,6,6.8,7.25,3.75,4.5,,,
1001838,Mia,7.6,8.25,9.4,,,,7.75,6.75,8.5
1001839,Emma,7.2,7.25,7.2,,,,7.25,6.75,8
1001840,Chloe,6,7.5,7.8,,,,6.75,4.75,8
1001841,Henry,7.8,8.5,7.6,,,,7.5,8.25,8.5
1001842,Harper,6.8,8.5,5.2,,,,8.5,8.75,8.75
1001843,Benjamin,8.2,8.25,5.4,,,,7.5,7.25,8.5
1001844,Henry,6,8.75,7.6,,,,8.25,7.25,9
1001845,Isabella,7.6,9,7.6,,,,6.5,7,8.25
1001846,Emma,8.4,9,7.8,,,,4.5,5.5,7.5
1001847,Abigail,8.6,9.5,9,,,,8.75,8.25,9
1001848,Sofia,8.2,8.5,8.4,,,,6.5,6.25,9.5
1001849,William,6.4,8.25,7.4,,,,7.25,6.25,8.25
1001850,Scarlett,7.8,9.25,9,,,,6.5,7.5,8.75
1001851,Sofia,7.6,8.25,8.4,,,,9,8.5,8.75
1001852,Charlotte,7.8,5.75,8,,,,8,8,9.5
1001853,Isabella,8.2,7.5,8.4,,,,8.5,8.25,8.5
1001854,Evelyn,5.4,6.75,3.4,,,,6.75,7,9
1001855,Lucas,2.8,6.5,9.4,,,,5,4,8.25
1001856,Noah,8,8,8.4,,,,7.75,6.25,8.75
1001857,Chloe,8.2,8.5,8.2,,,,6.25,6.5,8
1001858,James,5.4,7.75,8,,,,7.25,7.25,8.75
1001859,Daniel,5.4,6.5,5,,,,6.25,7,8.5
1001860,Abigail,8.4,8,8.8,,,,7,5.5,7.75
1001861,Mia,7.2,7.75,7.6,,,,8.5,7.5,8.5
1001862,Isabella,8.4,8.75,8,,,,8.5,9,8.75
1001863,Emily,3.8,5.25,2.2,,,,5,5,6.75
1001864,Olivia,6.2,7,7.8,,,,4.75,7,8.25
1001865,Aiden,6.8,8.5,5.4,,,,8.5,8.75,7
1001866,Benjamin,8.2,9,9,,,,8.25,7.75,9.75
1001867,William,8.2,8.75,8.8,,,,7.5,5.75,7.5
1001868,William,7.8,7.75,5.2,,,,6.25,6.25,8.75
1001869,Scarlett,8.2,8.75,8.6,,,,7.5,6.25,8.75
1001870,Ethan,6.6,6.75,9.2,,,,6.25,6.75,8
1001871,Evelyn,3,6.75,4.2,,,,3,4.75,5.75
1001872,Abigail,8.2,8,8,,,,6,7,8
1001873,Benjamin,5,6.75,,,,,6,6.25,8.5
1001874,Ethan,7.8,7.5,,,,,8.75,7.75,8.5
1001875,Scarlett,8,7.5,5.4,,,,3.75,8.75,8.75
1001876,Charlotte,4.8,8.25,6.4,,,,6,5.75,9.5
1001877,Benjamin,6.8,7.5,10,,,,6.75,7.5,8.75
1001878,William,8,8,8.8,,,,7.75,7,8
1001879,Scarlett,8.4,8.75,8.4,,,,9,8.5,9
1001880,Isabella,8.2,8.75,7.8,,,,7.75,6.5,7.75
1001881,Benjamin,7.8,7.25,8.8,,,,8.5,7,8.75
1001882,Elijah,8,8,9,,,,8.75,8.5,8.5
1001883,Chloe,6.2,8,8.2,,,,6.25,6.25,8.25
1001884,Elijah,6.4,8.5,4.2,,,,5.75,7,7.75
1001885,Isabella,8.2,8.5,8.4,,,,8.25,8.5,9
1001886,Noah,7.8,8,8.2,,,,8.5,6.5,8.25
1001887,Lucas,5.8,7.5,9,,,,5,6.5,8
1001888,Scarlett,7.2,8.5,8.6,,,,7.25,6.5,9
1001889,Emma,8.4,8.5,7.2,,,,6,6,7
1001890,James,8.2,8.5,7.4,,,,7.5,6.75,8
1001891,William,8.8,9.25,8.4,,,,8,8.75,8.75
1001892,Lucas,7,8,7.6,,,,5.25,6.25,8.25
1001893,Emma,7.4,8.5,7.4,,,,5.25,6.75,8.75
1001894,Harper,6,6.5,5.4,,,,6.75,7,8.5
1001895,Ethan,8.4,9.5,9,,,,8,6.5,8
1001896,Liam,8.2,9.5,8,,,,8.25,8.25,9.75
1001897,Charlotte,8.2,8,4.8,,,,7.25,8.25,8
1001898,Elijah,7.4,8.5,7.6,,,,6,5.5,7.5
1001899,Emma,5.4,7.25,3,,,,6,5.75,6
1001900,Abigail,8.4,9,7,,,,7.25,7.5,7.5
1001901,Scarlett,5.6,7.25,7.6,,,,7.75,5.75,7.5
1001902,Amelia,8.2,9,9.6,,,,5.25,5.75,7.75
1001903,Olivia,7.4,7.5,7,,,,7,4.75,7.25
1001904,Ava,8.6,8,8.8,,,,7.75,7.5,9
1001905,Chloe,8,7.75,8,,,,5.5,6.5,7
1001906,Ava,5.8,7.25,5.4,,,,6.75,6.5,8
1001907,Benjamin,7.8,7,7.6,,,,7.25,8,8.25
1001908,Chloe,8.2,7.75,8.6,,,,8.25,8,8
1001909,William,7.2,8,7.8,,,,7.75,6.75,8.75
1001910,Harper,6,7,2.4,,,,6,6.75,9.25
1001911,James,6.8,7.5,6.2,,,,6.75,5.25,7.25
1001912,Amelia,3.8,7,3.6,,,,4.5,6,8
1001913,Aiden,7,8,8.4,,,,6.5,7.5,7.5
1001914,Emily,6.6,7.5,6.4,,,,9,7.5,8.5
1001915,Mia,7.8,7.75,8.2,,,,6,6.5,8.5
1001916,Grace,6.6,7.5,7.6,,,,8,6.75,7.75
1001917,Grace,8.8,8.25,8,7.75,7.75,5,,,
1001918,Henry,8.2,9,8.8,,,,6.5,5.5,7.25
1001919,Scarlett,7.8,8,8.4,,,,7.75,6.5,7.75
1001920,Benjamin,9,7.25,6.8,8.5,8.75,5.75,,,
1001921,Harper,7.2,8,8.2,5,7.75,6.25,,,
1001922,Elijah,8.2,6.5,8.2,7.75,4.5,3.25,,,
1001923,Samuel,7.6,7,9,3.5,7,5,,,
1001924,Isabella,8.6,8.25,8.4,,,,6.75,5.75,7.25
1001925,Benjamin,9,8.25,9.6,,,,7.75,7.25,8.75
1001926,Oliver,8,5.5,9.2,8.25,5.25,4,,,
1001927,Charlotte,7.4,7,9,8,4.5,4.5,,,
1001928,Abigail,7.2,6.75,,,,,6,5.75,8.75
1001929,Aiden,8.8,7,8.8,7.25,4.25,5,,,
1001930,Oliver,7.2,7.75,6.4,,,,6.5,6.75,8
1001931,Benjamin,9,8.25,9.4,7.25,7.25,5,,,
1001933,Evelyn,8.4,7.75,8,8.5,8.5,8.75,,,
1001934,Isabella,6.8,7.5,7.2,,,,6.75,5,8
1001935,Jackson,7.8,8,8.6,6.25,7.75,4.75,,,
1001936,Harper,9,6.5,9.4,8,4.5,3.25,,,
1001937,Samuel,8,7.5,,,,,7.5,7.75,7.75
1001938,Benjamin,5.2,8,2.6,,,,7,6.25,8.25
1001939,Charlotte,8.2,9.25,8.6,,,,7.5,7.5,8.25
1001940,Grace,8.4,7,8,8,6,6.5,,,
1001942,Emily,7.4,8.75,7.6,,,,7.5,6.5,7.75
1001943,Scarlett,8.6,8.5,9,,,,8.25,9.25,8.75
1001944,Scarlett,8.4,8,8.8,7.75,4,2.75,,,
1001945,Grace,7.6,9,8.6,,,,8.25,7.5,9
1001946,Harper,8.4,8.75,7.6,,,,8,6.75,8.75
1001947,Samuel,8.4,8.75,8.8,,,,4.75,6.75,8.75
1001948,Charlotte,9,7.5,8.8,8.5,3.5,4.75,,,
1001949,Daniel,7,5.5,3.2,5.5,4.25,6,,,
1001950,Henry,7.8,8.5,7.4,,,,7,6.75,7.75
1001951,Benjamin,4.2,6.75,3,,,,7,6.75,8.25
1001952,Liam,7.6,8.25,,,,,7.75,8.25,8.75
1001953,Noah,7.2,8.25,,,,,9.5,8.75,6.5
1001954,Benjamin,4.4,8.25,6.8,,,,8.5,7.5,8.75
1001955,Liam,8,8,8.8,2.5,8,5,,,
1001956,Ethan,7.8,8.5,4.4,,,,9,7.75,9.5
1001957,Daniel,3.2,6,2.8,,,,4,5.5,7.75
1001958,Emma,7.6,8.25,8.6,,,,7.75,7.25,8.75
1001959,Lucas,8,9,9.6,,,,8.25,7.75,8.5
1001960,Sophia,7.8,9.5,7.6,,,,10,8.75,8.5
1001961,Noah,6.8,7.75,6.6,,,,6.75,6.25,8.25
1001962,Liam,6,8.25,9,,,,6.75,6.5,8
1001963,Ethan,8.6,8.5,9.8,,,,8.5,7.5,9
1001964,Grace,4.8,6.25,8.4,,,,7.25,5.75,9.25
1001965,Chloe,7.8,7.25,8.8,,,,6,8,7.75
1001966,Charlotte,8.4,9,9.2,,,,8.25,8,9.25
1001967,Scarlett,8,6.25,8.6,5.5,2.5,4.5,,,
1001968,Evelyn,6.2,5.75,7.6,,,,5.75,6.5,7.25
1001969,Emma,5.8,5.5,5,,,,7.25,6,8
1001970,Emma,7.6,7.75,8.8,,,,6,7,8.25
1001971,William,7.2,8,5.6,,,,7.75,8.75,9.25
1001972,Ethan,8.4,8,7,7,5.75,5.5,,,
1001973,Daniel,7.2,7.5,6.6,,,,6.25,5.5,8.25
1001974,Sophia,8.4,7.75,7.8,9.25,9.25,7.5,,,
1001975,Emma,7.6,8.5,9.4,,,,9.25,7.5,7.75
1001976,Daniel,8.4,6,9,5.75,7.5,6.25,,,
1001977,Charlotte,7.8,7.5,6.8,,,,6,6,7.75
1001978,Abigail,8.2,6.5,9.4,8,8,6,,,
1001979,Amelia,8.8,6.75,9.2,8,7.75,6.75,,,
1001980,Emily,4,5.75,3.8,,,,4,5.75,7
1001981,Henry,7,6.5,7,6,6.5,5.25,,,
1001982,Benjamin,7.8,5.75,8.8,,,,7,6.75,7.5
1001983,Evelyn,7.4,7,,,,,6.75,7.25,7.25
1001984,Isabella,8.4,7.25,9,,,,5.5,6.75,8
1001985,Ava,7.6,7.5,7.8,7,8.75,6.5,,,
1001986,Liam,7.4,7.25,9.2,,,,8.25,7.25,7.5
1001987,Liam,8.6,7,7.2,,,,6.5,6.5,7.5
1001988,Grace,7,5.75,7,6.5,5.25,3.5,,,
1001989,James,8,9,8.2,,,,8,8.5,9.25
1001990,Daniel,8.6,8,6.6,8.75,8,5.5,,,
1001991,Abigail,8,6,9,6,7.75,5,,,
1001992,Mia,7,6,9.4,3,8,4,,,
1001993,Liam,7.2,6.5,5,,,,6.5,6,7.5
1001994,Daniel,7.6,7.25,7.2,5.75,2.5,1.75,,,
1001995,Mia,5.6,7,,,,,7.5,4.75,9.5
1001996,Scarlett,8.4,7.25,5.4,5.75,8,4.25,,,
1001997,Samuel,2.8,3.25,2.6,,,,4.75,3.5,5.5
1001998,Jackson,7.6,8.5,8.2,,,,7.75,6.75,7.75
1001999,Mia,8.2,8.75,7.6,,,,7.25,7.5,9
1002000,Olivia,7.8,8.5,9.8,,,,7,6.75,9
1002001,Noah,7,8.5,8.6,,,,8.75,5,7.75
1002002,Scarlett,3.4,6.25,3,,,,3.75,5.75,7.5
1002003,Emily,6,7,7.8,,,,5.75,4.5,6
1002004,Sofia,8,7.75,7.2,,,,8.5,7.5,8.5
1002005,Liam,7.4,8.5,7.8,,,,6.5,6.5,8
1002006,Aiden,7,8.25,8.2,,,,7.75,6.5,7.75
1002007,Abigail,4.2,6.5,5.8,,,,7,8,8.75
1002008,Aiden,5.4,6,7.2,,,,6,7.25,8.5
1002009,Abigail,6.4,7.25,4,,,,6.5,6.75,8.25
1002010,Henry,9.4,7,8.8,,,,7.25,7.5,7.25
1002011,Mia,7.4,8.25,5.2,,,,8.25,8.25,7
1002012,Chloe,8.8,7.75,6.8,5.75,5.75,4.25,,,
1002013,James,9.2,9,10,,,,8.5,8,9
1002014,Sofia,8,8.25,8,,,,7.25,7.25,8.5
1002015,James,7.2,8.75,8.2,,,,7.75,6.5,7.5
1002016,Emily,6.8,6.5,7.2,,,,7.5,6.5,8
1002017,Charlotte,8.2,7,7.4,7.75,5.5,4.25,,,
1002018,Aiden,9,7.5,7,7.5,7.75,3,,,
1002019,Lucas,7.8,6.25,7.2,7.75,3.75,3,,,
1002020,Grace,7.8,7,8.8,6,7.5,5.5,,,
1002021,Lucas,7.8,8,9.6,,,,8.5,8.75,9
1002022,Henry,7.6,7.5,9.4,,,,8,7.5,8.75
1002023,Jackson,8.2,9.5,7.4,,,,7.75,7.75,8.75
1002024,Samuel,8,9,8.4,,,,8,8.5,7.75
